
/home/runner/work/exp-oscilloscope-iitkgp/exp-oscilloscope-iitkgp/experiment/simulation/js/circletype.min.js
  7:1  error  Parsing error: Unexpected token <

/home/runner/work/exp-oscilloscope-iitkgp/exp-oscilloscope-iitkgp/experiment/simulation/js/cktconnection_oscilloscope.js
    1:1   warning  'jsPlumb' is not defined                       no-undef
    6:9   warning  'addDisc' is assigned a value but never used   no-unused-vars
    8:17  warning  'e' is assigned a value but never used         no-unused-vars
   15:9   warning  'reset' is assigned a value but never used     no-unused-vars
   28:48  warning  'e' is defined but never used                  no-unused-vars
   28:51  warning  'ui' is defined but never used                 no-unused-vars
   30:21  warning  'jsPlumb' is not defined                       no-undef
   88:16  warning  'jsPlumb' is not defined                       no-undef
   97:13  warning  'e1' is assigned a value but never used        no-unused-vars
   98:4   warning  'e2' is assigned a value but never used        no-unused-vars
   99:13  warning  'e3' is assigned a value but never used        no-unused-vars
  100:13  warning  'e4' is assigned a value but never used        no-unused-vars
  101:13  warning  'e5' is assigned a value but never used        no-unused-vars
  102:13  warning  'e6' is assigned a value but never used        no-unused-vars
  103:13  warning  'e7' is assigned a value but never used        no-unused-vars
  106:13  warning  'clearBtn' is assigned a value but never used  no-unused-vars
  106:24  warning  'jsPlumb' is not defined                       no-undef
  107:13  warning  'addBtn' is assigned a value but never used    no-unused-vars
  107:22  warning  'jsPlumb' is not defined                       no-undef
  110:46  warning  'originalEvent' is defined but never used      no-unused-vars
  130:5   warning  'jsPlumb' is not defined                       no-undef
  240:13  warning  'count' is assigned a value but never used     no-unused-vars
  329:3   warning  Mixed spaces and tabs                          no-mixed-spaces-and-tabs
  330:2   warning  Mixed spaces and tabs                          no-mixed-spaces-and-tabs
  331:1   warning  Mixed spaces and tabs                          no-mixed-spaces-and-tabs
  332:1   warning  Mixed spaces and tabs                          no-mixed-spaces-and-tabs
  346:10  warning  'deleteconnection' is defined but never used   no-unused-vars

/home/runner/work/exp-oscilloscope-iitkgp/exp-oscilloscope-iitkgp/experiment/simulation/js/graph.ob.js
  1:745  warning  'b' is already defined  no-redeclare

/home/runner/work/exp-oscilloscope-iitkgp/exp-oscilloscope-iitkgp/experiment/simulation/js/graph_use.ob.js
  1:103  warning  'drawgraph' is defined but never used  no-unused-vars
  1:163  warning  'CanvasJS' is not defined              no-undef

/home/runner/work/exp-oscilloscope-iitkgp/exp-oscilloscope-iitkgp/experiment/simulation/js/jsplumb1.js
     68:9   warning  'root' is assigned a value but never used                                  no-unused-vars
    130:18  warning  'i' is already defined                                                     no-redeclare
    184:18  warning  'i' is already defined                                                     no-redeclare
    242:22  warning  'j' is already defined                                                     no-redeclare
    264:56  warning  't' is defined but never used                                              no-unused-vars
    279:26  warning  'j' is already defined                                                     no-redeclare
    582:9   warning  'exports' is not defined                                                   no-undef
    616:1   warning  Unnecessary semicolon                                                      no-extra-semi
    626:9   warning  'exports' is not defined                                                   no-undef
    661:9   warning  '_normal' is assigned a value but never used                               no-unused-vars
    672:9   warning  '_lineLength' is assigned a value but never used                           no-unused-vars
    706:9   warning  '_theta' is assigned a value but never used                                no-unused-vars
    725:9   warning  '_intersects' is assigned a value but never used                           no-unused-vars
    747:9   warning  '_encloses' is assigned a value but never used                             no-unused-vars
    764:9   warning  '_pointOnLine' is assigned a value but never used                          no-unused-vars
    781:9   warning  '_perpendicularLineTo' is assigned a value but never used                  no-unused-vars
    789:1   warning  Unnecessary semicolon                                                      no-extra-semi
    846:28  warning  'view' is defined but never used                                           no-unused-vars
    846:34  warning  'target' is defined but never used                                         no-unused-vars
    846:42  warning  'pageX' is defined but never used                                          no-unused-vars
    846:49  warning  'pageY' is defined but never used                                          no-unused-vars
    846:56  warning  'screenX' is defined but never used                                        no-unused-vars
    846:65  warning  'screenY' is defined but never used                                        no-unused-vars
    846:74  warning  'clientX' is defined but never used                                        no-unused-vars
    846:83  warning  'clientY' is defined but never used                                        no-unused-vars
   1040:58  warning  Do not access Object.prototype method 'hasOwnProperty' from target object  no-prototype-builtins
   1082:39  warning  Do not access Object.prototype method 'hasOwnProperty' from target object  no-prototype-builtins
   1132:9   warning  'touchstart' is assigned a value but never used                            no-unused-vars
   1132:36  warning  'touchend' is assigned a value but never used                              no-unused-vars
   1132:59  warning  'touchmove' is assigned a value but never used                             no-unused-vars
   1137:54  warning  Unnecessary escape character: \.                                           no-useless-escape
   1223:73  warning  Invalid typeof comparison value                                            valid-typeof
   1286:38  warning  Do not access Object.prototype method 'hasOwnProperty' from target object  no-prototype-builtins
   1288:51  warning  Do not access Object.prototype method 'hasOwnProperty' from target object  no-prototype-builtins
   1310:29  warning  'el' is defined but never used                                             no-unused-vars
   1310:33  warning  'event' is defined but never used                                          no-unused-vars
   1310:40  warning  'children' is defined but never used                                       no-unused-vars
   1310:50  warning  'fn' is defined but never used                                             no-unused-vars
   1457:9   warning  'exports' is not defined                                                   no-undef
   1490:1   warning  Unnecessary semicolon                                                      no-extra-semi
   1595:54  warning  Unnecessary escape character: \.                                           no-useless-escape
   1719:42  warning  'scope' is defined but never used                                          no-unused-vars
   1727:13  warning  'scroll' is assigned a value but never used                                no-unused-vars
   1875:13  warning  '_addFilter' is assigned a value but never used                            no-unused-vars
   1876:13  warning  '_removeFilter' is assigned a value but never used                         no-unused-vars
   2091:31  warning  Empty block statement                                                      no-empty
   2280:42  warning  'scope' is defined but never used                                          no-unused-vars
   2300:56  warning  'drag' is defined but never used                                           no-unused-vars
   2388:13  warning  '_getMatchingDroppables' is assigned a value but never used                no-unused-vars
   2432:18  warning  'i' is already defined                                                     no-redeclare
   2754:40  warning  'spec' is defined but never used                                           no-unused-vars
   2777:38  warning  'spec' is defined but never used                                           no-unused-vars
   2862:9   warning  'exports' is not defined                                                   no-undef
   2874:42  warning  'exports' is not defined                                                   no-undef
   2915:19  warning  Do not access Object.prototype method 'hasOwnProperty' from target object  no-prototype-builtins
   3011:26  warning  Unnecessary escape character: \.                                           no-useless-escape
   3012:40  warning  Unnecessary escape character: \[                                           no-useless-escape
   3180:36  warning  '_protoFn' is defined but never used                                       no-unused-vars
   3188:45  warning  Do not access Object.prototype method 'hasOwnProperty' from target object  no-prototype-builtins
   3188:83  warning  Do not access Object.prototype method 'hasOwnProperty' from target object  no-prototype-builtins
   3201:41  warning  Do not access Object.prototype method 'hasOwnProperty' from target object  no-prototype-builtins
   3201:79  warning  Do not access Object.prototype method 'hasOwnProperty' from target object  no-prototype-builtins
   3242:42  warning  Empty block statement                                                      no-empty
   3320:23  warning  Empty block statement                                                      no-empty
   3488:2   warning  Unnecessary semicolon                                                      no-extra-semi
   3553:1   warning  Unnecessary semicolon                                                      no-extra-semi
   3585:9   warning  'eventFilters' is assigned a value but never used                          no-unused-vars
   3604:9   warning  '_each' is assigned a value but never used                                 no-unused-vars
   4583:13  warning  '_setDraggable' is assigned a value but never used                         no-unused-vars
   4807:56  warning  'args' is defined but never used                                           no-unused-vars
   4855:60  warning  'cEl' is assigned a value but never used                                   no-unused-vars
   5481:13  warning  '_unmanage' is assigned a value but never used                             no-unused-vars
   5576:68  warning  'jsPlumbInstance' is assigned a value but never used                       no-unused-vars
   6146:39  warning  'scope' is defined but never used                                          no-unused-vars
   6751:9   warning  'exports' is not defined                                                   no-undef
   6766:1   warning  Unnecessary semicolon                                                      no-extra-semi
   6882:36  warning  'ignoreAttachedElements' is defined but never used                         no-unused-vars
   7059:1   warning  Unnecessary semicolon                                                      no-extra-semi
   7304:41  warning  'doNotRepaint' is defined but never used                                   no-unused-vars
   7309:50  warning  'doNotRepaint' is defined but never used                                   no-unused-vars
   7374:53  warning  'fireEvent' is defined but never used                                      no-unused-vars
   7374:64  warning  'originalEvent' is defined but never used                                  no-unused-vars
   7488:52  warning  Do not access Object.prototype method 'hasOwnProperty' from target object  no-prototype-builtins
   7534:39  warning  'startParams' is defined but never used                                    no-unused-vars
   8111:17  warning  'elId' is assigned a value but never used                                  no-unused-vars
   8348:1   warning  Unnecessary semicolon                                                      no-extra-semi
   8865:52  warning  Do not access Object.prototype method 'hasOwnProperty' from target object  no-prototype-builtins
   8889:52  warning  Do not access Object.prototype method 'hasOwnProperty' from target object  no-prototype-builtins
   8901:21  warning  'jsPlumb' is not defined                                                   no-undef
   8984:1   warning  Unnecessary semicolon                                                      no-extra-semi
   9709:27  warning  'Biltong' is not defined                                                   no-undef
  10061:23  warning  'jsPlumbUtil' is not defined                                               no-undef
  10293:1   warning  Unnecessary semicolon                                                      no-extra-semi
  10323:53  warning  'x' is defined but never used                                              no-unused-vars
  10323:56  warning  'y' is defined but never used                                              no-unused-vars
  10350:46  warning  'x1' is defined but never used                                             no-unused-vars
  10350:50  warning  'y1' is defined but never used                                             no-unused-vars
  10350:54  warning  'x2' is defined but never used                                             no-unused-vars
  10350:58  warning  'y2' is defined but never used                                             no-unused-vars
  10383:17  warning  '_super' is assigned a value but never used                                no-unused-vars
  10441:46  warning  '_' is defined but never used                                              no-unused-vars
  10643:17  warning  '_super' is assigned a value but never used                                no-unused-vars
  10789:17  warning  '_super' is assigned a value but never used                                no-unused-vars
  11112:13  warning  'dumpSegmentsToConsole' is assigned a value but never used                 no-unused-vars
  11168:48  warning  'anchorPoint' is defined but never used                                    no-unused-vars
  11168:61  warning  'orientation' is defined but never used                                    no-unused-vars
  11168:74  warning  'endpointStyle' is defined but never used                                  no-unused-vars
  11168:89  warning  'connectorPaintStyle' is defined but never used                            no-unused-vars
  11201:13  warning  '_super' is assigned a value but never used                                no-unused-vars
  11207:76  warning  'connectorPaintStyle' is defined but never used                            no-unused-vars
  11228:13  warning  '_super' is assigned a value but never used                                no-unused-vars
  11233:76  warning  'connectorPaintStyle' is defined but never used                            no-unused-vars
  11244:40  warning  'params' is defined but never used                                         no-unused-vars
  11322:48  warning  'orientation' is defined but never used                                    no-unused-vars
  11322:61  warning  'endpointStyle' is defined but never used                                  no-unused-vars
  11322:76  warning  'connectorPaintStyle' is defined but never used                            no-unused-vars
  11348:40  warning  'd' is defined but never used                                              no-unused-vars
  11348:43  warning  'style' is defined but never used                                          no-unused-vars
  11348:50  warning  'anchor' is defined but never used                                         no-unused-vars
  11391:13  warning  '_super' is assigned a value but never used                                no-unused-vars
  11394:48  warning  'orientation' is defined but never used                                    no-unused-vars
  11394:61  warning  'endpointStyle' is defined but never used                                  no-unused-vars
  11394:76  warning  'connectorPaintStyle' is defined but never used                            no-unused-vars
  11410:32  warning  'style' is defined but never used                                          no-unused-vars
  11410:39  warning  'anchor' is defined but never used                                         no-unused-vars
  11443:76  warning  'connectorPaintStyle' is defined but never used                            no-unused-vars
  11472:27  warning  'instance' is defined but never used                                       no-unused-vars
  11472:37  warning  'component' is defined but never used                                      no-unused-vars
  11541:43  warning  'component' is defined but never used                                      no-unused-vars
  11705:17  warning  'jsPlumb' is not defined                                                   no-undef
  11812:37  warning  'component' is defined but never used                                      no-unused-vars
  11822:29  warning  'containerExtents' is defined but never used                               no-unused-vars
  11850:37  warning  'params' is defined but never used                                         no-unused-vars
  11863:42  warning  'currentConnectionPaintStyle' is defined but never used                    no-unused-vars
  11907:13  warning  'labelWidth' is assigned a value but never used                            no-unused-vars
  11907:32  warning  'labelHeight' is assigned a value but never used                           no-unused-vars
  11907:52  warning  'labelText' is assigned a value but never used                             no-unused-vars
  11907:70  warning  'labelPadding' is assigned a value but never used                          no-unused-vars
  11997:1   warning  Unnecessary semicolon                                                      no-extra-semi
  12441:35  warning  'conn' is defined but never used                                           no-unused-vars
  12441:41  warning  'endpointIndex' is defined but never used                                  no-unused-vars
  12445:37  warning  'conn' is defined but never used                                           no-unused-vars
  12445:43  warning  'endpointIndex' is defined but never used                                  no-unused-vars
  12453:56  warning  'jsPlumb' is not defined                                                   no-undef
  12489:38  warning  '_el' is defined but never used                                            no-unused-vars
  12489:43  warning  'targetGroup' is defined but never used                                    no-unused-vars
  12539:25  warning  'jsPlumbUtil' is not defined                                               no-undef
  12883:1   warning  Unnecessary semicolon                                                      no-extra-semi
  12899:41  warning  'lastOrientation' is assigned a value but never used                       no-unused-vars
  12903:13  warning  'loopbackRadius' is assigned a value but never used                        no-unused-vars
  12904:13  warning  'isLoopbackCurrently' is assigned a value but never used                   no-unused-vars
  13248:1   warning  Unnecessary semicolon                                                      no-extra-semi
  13257:13  warning  'curviness' is assigned a value but never used                             no-unused-vars
  13259:13  warning  'proximityLimit' is assigned a value but never used                        no-unused-vars
  13262:13  warning  'isLoopbackCurrently' is assigned a value but never used                   no-unused-vars
  13401:1   warning  Unnecessary semicolon                                                      no-extra-semi
  13496:13  warning  'clockwise' is assigned a value but never used                             no-unused-vars
  13596:1   warning  Unnecessary semicolon                                                      no-extra-semi
  13603:30  warning  'params' is defined but never used                                         no-unused-vars
  13607:46  warning  '_' is defined but never used                                              no-unused-vars
  13628:1   warning  Unnecessary semicolon                                                      no-extra-semi
  14033:35  warning  'style' is defined but never used                                          no-unused-vars
  14056:35  warning  'style' is defined but never used                                          no-unused-vars
  14092:13  warning  'self' is assigned a value but never used                                  no-unused-vars
  14251:1   warning  Unnecessary semicolon                                                      no-extra-semi
  14444:39  warning  'jsPlumb' is not defined                                                   no-undef
  14473:29  warning  'jsPlumb' is not defined                                                   no-undef
  14480:38  warning  Do not access Object.prototype method 'hasOwnProperty' from target object  no-prototype-builtins
  14481:39  warning  'jsPlumb' is not defined                                                   no-undef
  14548:40  warning  Do not access Object.prototype method 'hasOwnProperty' from target object  no-prototype-builtins
  14639:22  warning  'jsPlumb' is not defined                                                   no-undef
  14644:24  warning  'jsPlumb' is not defined                                                   no-undef
  14770:26  warning  Do not access Object.prototype method 'hasOwnProperty' from target object  no-prototype-builtins
  14783:13  warning  'jsPlumb' is not defined                                                   no-undef
  14788:18  warning  'jsPlumb' is not defined                                                   no-undef
  14797:13  warning  'jsPlumb' is not defined                                                   no-undef
  14802:17  warning  'jsPlumb' is not defined                                                   no-undef
  14803:17  warning  'jsPlumb' is not defined                                                   no-undef
  14805:17  warning  'jsPlumb' is not defined                                                   no-undef
  14809:13  warning  'jsPlumb' is not defined                                                   no-undef
  14815:17  warning  'jsPlumb' is not defined                                                   no-undef
  14853:18  warning  'jsPlumb' is not defined                                                   no-undef
  14901:22  warning  'jsPlumb' is not defined                                                   no-undef
  14982:20  warning  'jsPlumb' is not defined                                                   no-undef
  14996:13  warning  'jsPlumb' is not defined                                                   no-undef
  15008:18  warning  'jsPlumb' is not defined                                                   no-undef
  15011:25  warning  'jsPlumb' is not defined                                                   no-undef
  15013:35  warning  'jsPlumb' is not defined                                                   no-undef
  15014:30  warning  'jsPlumb' is not defined                                                   no-undef
  15015:45  warning  'jsPlumb' is not defined                                                   no-undef
  15016:45  warning  'jsPlumb' is not defined                                                   no-undef
  15017:46  warning  'jsPlumb' is not defined                                                   no-undef
  15133:36  warning  'el' is defined but never used                                             no-unused-vars
  15133:40  warning  'options' is defined but never used                                        no-unused-vars
  15136:36  warning  'el' is defined but never used                                             no-unused-vars
  15136:40  warning  'options' is defined but never used                                        no-unused-vars
  15152:45  warning  'zoom' is defined but never used                                           no-unused-vars
  15192:33  warning  'spec' is defined but never used                                           no-unused-vars
  15201:31  warning  'spec' is defined but never used                                           no-unused-vars
  15210:38  warning  'posseId' is defined but never used                                        no-unused-vars
  15263:23  warning  'el' is defined but never used                                             no-unused-vars
  15263:27  warning  'event' is defined but never used                                          no-unused-vars
  15263:34  warning  'callback' is defined but never used                                       no-unused-vars
  15272:24  warning  'el' is defined but never used                                             no-unused-vars
  15272:28  warning  'event' is defined but never used                                          no-unused-vars
  15272:35  warning  'callback' is defined but never used                                       no-unused-vars

/home/runner/work/exp-oscilloscope-iitkgp/exp-oscilloscope-iitkgp/experiment/simulation/js/lib/MathJax.js
  19:95     warning  'MathJax' is not defined                                                   no-undef
  19:196    warning  'MathJax' is not defined                                                   no-undef
  19:218    warning  'MathJax' is not defined                                                   no-undef
  19:242    warning  'MathJax' is not defined                                                   no-undef
  19:270    warning  'MathJax' is not defined                                                   no-undef
  19:297    warning  'MathJax' is not defined                                                   no-undef
  19:484    warning  Do not access Object.prototype method 'hasOwnProperty' from target object  no-prototype-builtins
  19:1102   warning  Do not access Object.prototype method 'hasOwnProperty' from target object  no-prototype-builtins
  19:1288   warning  Do not access Object.prototype method 'hasOwnProperty' from target object  no-prototype-builtins
  19:2019   warning  Do not access Object.prototype method 'hasOwnProperty' from target object  no-prototype-builtins
  19:2910   warning  Do not access Object.prototype method 'hasOwnProperty' from target object  no-prototype-builtins
  19:6755   warning  'MathJax' is not defined                                                   no-undef
  19:11883  warning  Do not access Object.prototype method 'hasOwnProperty' from target object  no-prototype-builtins
  19:12109  warning  Do not access Object.prototype method 'hasOwnProperty' from target object  no-prototype-builtins
  19:12477  warning  Do not access Object.prototype method 'hasOwnProperty' from target object  no-prototype-builtins
  19:12833  warning  Do not access Object.prototype method 'hasOwnProperty' from target object  no-prototype-builtins
  19:13198  warning  Do not access Object.prototype method 'hasOwnProperty' from target object  no-prototype-builtins
  19:13381  warning  'MathJax' is not defined                                                   no-undef
  19:16987  warning  Do not access Object.prototype method 'hasOwnProperty' from target object  no-prototype-builtins
  19:17284  warning  Do not access Object.prototype method 'hasOwnProperty' from target object  no-prototype-builtins
  19:17408  warning  'MathJax' is not defined                                                   no-undef
  19:17491  warning  Do not access Object.prototype method 'hasOwnProperty' from target object  no-prototype-builtins
  19:17558  warning  Do not access Object.prototype method 'hasOwnProperty' from target object  no-prototype-builtins
  19:17629  warning  'MathJax' is not defined                                                   no-undef
  19:17740  warning  'MathJax' is not defined                                                   no-undef
  19:17808  warning  'MathJax' is not defined                                                   no-undef
  19:18559  warning  Do not access Object.prototype method 'hasOwnProperty' from target object  no-prototype-builtins
  19:18821  warning  Empty block statement                                                      no-empty
  19:18969  warning  Empty block statement                                                      no-empty
  19:19248  warning  'MathJax' is not defined                                                   no-undef
  19:20908  warning  Unnecessary escape character: \%                                           no-useless-escape
  19:20935  warning  Unnecessary escape character: \}                                           no-useless-escape
  19:21213  warning  'MathJax' is not defined                                                   no-undef
  19:21390  warning  'MathJax' is not defined                                                   no-undef
  19:22409  warning  'MathJax' is not defined                                                   no-undef
  19:22492  warning  'MathJax' is not defined                                                   no-undef
  19:22616  warning  'MathJax' is not defined                                                   no-undef
  19:22899  warning  Unnecessary escape character: \)                                           no-useless-escape
  19:23079  warning  'MathJax' is not defined                                                   no-undef
  19:23277  warning  'MathJax' is not defined                                                   no-undef
  19:23379  warning  'MathJax' is not defined                                                   no-undef
  19:23685  warning  'MathJax' is not defined                                                   no-undef
  19:23787  warning  'MathJax' is not defined                                                   no-undef
  19:23872  warning  'MathJax' is not defined                                                   no-undef
  19:24071  warning  'MathJax' is not defined                                                   no-undef
  19:24306  warning  'MathJax' is not defined                                                   no-undef
  19:24519  warning  'MathJax' is not defined                                                   no-undef
  19:24679  warning  'MathJax' is not defined                                                   no-undef
  19:24723  warning  'MathJax' is not defined                                                   no-undef
  19:24764  warning  'MathJax' is not defined                                                   no-undef
  19:24841  warning  'MathJax' is not defined                                                   no-undef
  19:25126  warning  'MathJax' is not defined                                                   no-undef
  19:25349  warning  'MathJax' is not defined                                                   no-undef
  19:25379  warning  'MathJax' is not defined                                                   no-undef
  19:25398  warning  'MathJax' is not defined                                                   no-undef
  19:26041  warning  'MathJax' is not defined                                                   no-undef
  19:26222  warning  Do not access Object.prototype method 'hasOwnProperty' from target object  no-prototype-builtins
  19:26640  warning  'a' is defined but never used                                              no-unused-vars
  19:26643  warning  'MathJax' is not defined                                                   no-undef
  19:26714  warning  'MathJax' is not defined                                                   no-undef
  19:26752  warning  'MathJax' is not defined                                                   no-undef
  19:26818  warning  'MathJax' is not defined                                                   no-undef
  19:26895  warning  'a' is defined but never used                                              no-unused-vars
  19:26898  warning  'MathJax' is not defined                                                   no-undef
  19:26959  warning  'MathJax' is not defined                                                   no-undef
  19:27973  warning  'MathJax' is not defined                                                   no-undef
  19:28042  warning  'MathJax' is not defined                                                   no-undef
  19:28236  warning  'MathJax' is not defined                                                   no-undef
  19:28295  warning  'MathJax' is not defined                                                   no-undef
  19:28907  warning  'MathJax' is not defined                                                   no-undef
  19:28944  warning  'MathJax' is not defined                                                   no-undef
  19:28984  warning  'MathJax' is not defined                                                   no-undef
  19:29013  warning  'MathJax' is not defined                                                   no-undef
  19:29198  warning  'MathJax' is not defined                                                   no-undef
  19:29551  warning  'MathJax' is not defined                                                   no-undef
  19:29927  warning  'MathJax' is not defined                                                   no-undef
  19:30435  warning  'MathJax' is not defined                                                   no-undef
  19:30481  warning  'MathJax' is not defined                                                   no-undef
  19:31189  warning  'MathJax' is not defined                                                   no-undef
  19:32013  warning  'MathJax' is not defined                                                   no-undef
  19:32149  warning  'MathJax' is not defined                                                   no-undef
  19:32495  warning  'MathJax' is not defined                                                   no-undef
  19:32531  warning  'MathJax' is not defined                                                   no-undef
  19:32599  warning  'MathJax' is not defined                                                   no-undef
  19:32636  warning  'MathJax' is not defined                                                   no-undef
  19:32697  warning  'MathJax' is not defined                                                   no-undef
  19:32742  warning  'MathJax' is not defined                                                   no-undef
  19:32808  warning  'MathJax' is not defined                                                   no-undef
  19:32836  warning  'MathJax' is not defined                                                   no-undef
  19:32899  warning  'MathJax' is not defined                                                   no-undef
  19:32960  warning  'MathJax' is not defined                                                   no-undef
  19:33018  warning  'MathJax' is not defined                                                   no-undef
  19:33081  warning  'MathJax' is not defined                                                   no-undef
  19:33959  warning  'MathJax' is not defined                                                   no-undef
  19:34212  warning  'MathJax' is not defined                                                   no-undef
  19:34468  warning  'MathJax' is not defined                                                   no-undef
  19:34579  warning  'MathJax' is not defined                                                   no-undef
  19:34768  warning  'MathJax' is not defined                                                   no-undef
  19:34949  warning  'MathJax' is not defined                                                   no-undef
  19:35028  warning  'MathJax' is not defined                                                   no-undef
  19:35201  warning  'MathJax' is not defined                                                   no-undef
  19:35845  warning  'MathJax' is not defined                                                   no-undef
  19:35989  warning  'MathJax' is not defined                                                   no-undef
  19:36069  warning  'MathJax' is not defined                                                   no-undef
  19:36595  warning  'MathJax' is not defined                                                   no-undef
  19:36671  warning  'a' is defined but never used                                              no-unused-vars
  19:37141  warning  'MathJax' is not defined                                                   no-undef
  19:37335  warning  'MathJax' is not defined                                                   no-undef
  19:38376  warning  'MathJax' is not defined                                                   no-undef
  19:39157  warning  'MathJax' is not defined                                                   no-undef
  19:39290  warning  'MathJax' is not defined                                                   no-undef
  19:39424  warning  'MathJax' is not defined                                                   no-undef
  19:39989  warning  'MathJax' is not defined                                                   no-undef
  19:40131  warning  'MathJax' is not defined                                                   no-undef
  19:40212  warning  'MathJax' is not defined                                                   no-undef
  19:40253  warning  'MathJax' is not defined                                                   no-undef
  19:40368  warning  'MathJax' is not defined                                                   no-undef
  19:40565  warning  'MathJax' is not defined                                                   no-undef
  19:40904  warning  'MathJax' is not defined                                                   no-undef
  19:41060  warning  'MathJax' is not defined                                                   no-undef
  19:41128  warning  'MathJax' is not defined                                                   no-undef
  19:41391  warning  'MathJax' is not defined                                                   no-undef
  19:41592  warning  'MathJax' is not defined                                                   no-undef
  19:41705  warning  'MathJax' is not defined                                                   no-undef
  19:42106  warning  'MathJax' is not defined                                                   no-undef
  19:42286  warning  'MathJax' is not defined                                                   no-undef
  19:42426  warning  'MathJax' is not defined                                                   no-undef
  19:42501  warning  'MathJax' is not defined                                                   no-undef
  19:42538  warning  'MathJax' is not defined                                                   no-undef
  19:43009  warning  'MathJax' is not defined                                                   no-undef
  19:43075  warning  'MathJax' is not defined                                                   no-undef
  19:43130  warning  'MathJax' is not defined                                                   no-undef
  19:43169  warning  Empty block statement                                                      no-empty
  19:43275  warning  'MathJax' is not defined                                                   no-undef
  19:43648  warning  'MathJax' is not defined                                                   no-undef
  19:44483  warning  Do not access Object.prototype method 'hasOwnProperty' from target object  no-prototype-builtins
  19:44531  warning  'MathJax' is not defined                                                   no-undef
  19:44685  warning  'a' is defined but never used                                              no-unused-vars
  19:44892  warning  'MathJax' is not defined                                                   no-undef
  19:44911  warning  'MathJax' is not defined                                                   no-undef
  19:44937  warning  'MathJax' is not defined                                                   no-undef
  19:44961  warning  'MathJax' is not defined                                                   no-undef
  19:44980  warning  'MathJax' is not defined                                                   no-undef
  19:45024  warning  'MathJax' is not defined                                                   no-undef
  19:45065  warning  'MathJax' is not defined                                                   no-undef
  19:45086  warning  'MathJax' is not defined                                                   no-undef
  19:45109  warning  'MathJax' is not defined                                                   no-undef
  19:45130  warning  'MathJax' is not defined                                                   no-undef
  19:45167  warning  'MathJax' is not defined                                                   no-undef
  19:45199  warning  'MathJax' is not defined                                                   no-undef
  19:45318  warning  'MathJax' is not defined                                                   no-undef
  19:45340  warning  'MathJax' is not defined                                                   no-undef
  19:45367  warning  'MathJax' is not defined                                                   no-undef
  19:45392  warning  'MathJax' is not defined                                                   no-undef
  19:45441  warning  'MathJax' is not defined                                                   no-undef
  19:45494  warning  'MathJax' is not defined                                                   no-undef
  19:45707  warning  'MathJax' is not defined                                                   no-undef
  19:45773  warning  'MathJax' is not defined                                                   no-undef
  19:45785  warning  'MathJax' is not defined                                                   no-undef
  19:45964  warning  'MathJax' is not defined                                                   no-undef
  19:46113  warning  'MathJax' is not defined                                                   no-undef
  19:46214  warning  'MathJax' is not defined                                                   no-undef
  19:46323  warning  'MathJax' is not defined                                                   no-undef
  19:46580  warning  'MathJax' is not defined                                                   no-undef
  19:46605  warning  'MathJax' is not defined                                                   no-undef
  19:46716  warning  'MathJax' is not defined                                                   no-undef
  19:46743  warning  'MathJax' is not defined                                                   no-undef
  19:46823  warning  'MathJax' is not defined                                                   no-undef
  19:47214  warning  'MathJax' is not defined                                                   no-undef
  19:47249  warning  'MathJax' is not defined                                                   no-undef
  19:47336  warning  'MathJax' is not defined                                                   no-undef
  19:47368  warning  'MathJax' is not defined                                                   no-undef
  19:47424  warning  'MathJax' is not defined                                                   no-undef
  19:47575  warning  'MathJax' is not defined                                                   no-undef
  19:47626  warning  'MathJax' is not defined                                                   no-undef
  19:47639  warning  'MathJax' is not defined                                                   no-undef
  19:47723  warning  'MathJax' is not defined                                                   no-undef
  19:47744  warning  'MathJax' is not defined                                                   no-undef
  19:47910  warning  'MathJax' is not defined                                                   no-undef
  19:48086  warning  'MathJax' is not defined                                                   no-undef
  19:48183  warning  'MathJax' is not defined                                                   no-undef
  19:48286  warning  'MathJax' is not defined                                                   no-undef
  19:48336  warning  'MathJax' is not defined                                                   no-undef
  19:48370  warning  'MathJax' is not defined                                                   no-undef
  19:48415  warning  Do not access Object.prototype method 'hasOwnProperty' from target object  no-prototype-builtins
  19:48528  warning  'MathJax' is not defined                                                   no-undef
  19:48599  warning  'MathJax' is not defined                                                   no-undef
  19:49059  warning  'MathJax' is not defined                                                   no-undef
  19:49090  warning  'MathJax' is not defined                                                   no-undef
  19:49134  warning  'MathJax' is not defined                                                   no-undef
  19:49211  warning  'MathJax' is not defined                                                   no-undef
  19:49248  warning  'MathJax' is not defined                                                   no-undef
  19:49298  warning  'MathJax' is not defined                                                   no-undef
  19:49332  warning  'MathJax' is not defined                                                   no-undef
  19:49398  warning  'MathJax' is not defined                                                   no-undef
  19:49455  warning  'MathJax' is not defined                                                   no-undef
  19:49486  warning  'MathJax' is not defined                                                   no-undef
  19:49530  warning  'MathJax' is not defined                                                   no-undef
  19:49569  warning  'MathJax' is not defined                                                   no-undef
  19:49597  warning  'MathJax' is not defined                                                   no-undef
  19:49695  warning  'MathJax' is not defined                                                   no-undef
  19:49723  warning  'MathJax' is not defined                                                   no-undef
  19:49809  warning  'MathJax' is not defined                                                   no-undef
  19:50210  warning  'MathJax' is not defined                                                   no-undef
  19:50340  warning  'MathJax' is not defined                                                   no-undef
  19:50520  warning  'MathJax' is not defined                                                   no-undef
  19:50572  warning  'MathJax' is not defined                                                   no-undef
  19:50694  warning  'MathJax' is not defined                                                   no-undef
  19:50725  warning  'MathJax' is not defined                                                   no-undef
  19:50867  warning  'MathJax' is not defined                                                   no-undef
  19:51113  warning  Do not access Object.prototype method 'hasOwnProperty' from target object  no-prototype-builtins
  19:51380  warning  'h' is defined but never used                                              no-unused-vars
  19:51382  warning  'i' is defined but never used                                              no-unused-vars
  19:51492  warning  'h' is defined but never used                                              no-unused-vars
  19:51935  warning  'MathJax' is not defined                                                   no-undef
  19:52020  warning  'MathJax' is not defined                                                   no-undef
  19:52628  warning  'l' is defined but never used                                              no-unused-vars
  19:52630  warning  'q' is defined but never used                                              no-unused-vars
  19:53544  warning  'j' is defined but never used                                              no-unused-vars
  19:53634  warning  'k' is defined but never used                                              no-unused-vars
  19:54136  warning  'h' is defined but never used                                              no-unused-vars
  19:55701  warning  Do not access Object.prototype method 'hasOwnProperty' from target object  no-prototype-builtins
  19:55807  warning  Do not access Object.prototype method 'hasOwnProperty' from target object  no-prototype-builtins
  19:56683  warning  'MathJax' is not defined                                                   no-undef
  19:56930  warning  'MathJax' is not defined                                                   no-undef
  19:57616  warning  Unnecessary escape character: \&                                           no-useless-escape
  19:57789  warning  Unnecessary escape character: \/                                           no-useless-escape
  19:59017  warning  Do not access Object.prototype method 'hasOwnProperty' from target object  no-prototype-builtins
  19:60164  warning  Unnecessary escape character: \/                                           no-useless-escape
  19:60184  warning  Unnecessary escape character: \)                                           no-useless-escape
  19:60874  warning  Unnecessary escape character: \/                                           no-useless-escape
  19:60909  warning  'opera' is not defined                                                     no-undef
  19:61137  warning  'MathJax' is not defined                                                   no-undef
  19:61197  warning  'MathJax' is not defined                                                   no-undef
  19:61318  warning  'ActiveXObject' is not defined                                             no-undef
  19:61385  warning  Empty block statement                                                      no-empty
  19:61894  warning  Empty block statement                                                      no-empty
  19:61952  warning  'MathJax' is not defined                                                   no-undef
  19:62301  warning  'MathJax' is not defined                                                   no-undef
  19:62402  warning  Unnecessary semicolon                                                      no-extra-semi

/home/runner/work/exp-oscilloscope-iitkgp/exp-oscilloscope-iitkgp/experiment/simulation/js/lib/d3.v5.min.js
  2:71      warning  'exports' is not defined                                                   no-undef
  2:107     warning  'define' is not defined                                                    no-undef
  2:118     warning  'define' is not defined                                                    no-undef
  2:6165    warning  Do not access Object.prototype method 'hasOwnProperty' from target object  no-prototype-builtins
  2:6700    warning  Expected a conditional expression and instead saw an assignment            no-cond-assign
  2:7066    warning  Do not access Object.prototype method 'hasOwnProperty' from target object  no-prototype-builtins
  2:7215    warning  Do not access Object.prototype method 'hasOwnProperty' from target object  no-prototype-builtins
  2:7639    warning  Do not access Object.prototype method 'hasOwnProperty' from target object  no-prototype-builtins
  2:8781    warning  Expected a conditional expression and instead saw an assignment            no-cond-assign
  2:9046    warning  Expected a conditional expression and instead saw an assignment            no-cond-assign
  2:11250   warning  Do not access Object.prototype method 'hasOwnProperty' from target object  no-prototype-builtins
  2:13496   warning  Expected a conditional expression and instead saw an assignment            no-cond-assign
  2:18917   warning  Expected a conditional expression and instead saw an assignment            no-cond-assign
  2:24263   warning  Expected a conditional expression and instead saw an assignment            no-cond-assign
  2:24524   warning  Expected a conditional expression and instead saw an assignment            no-cond-assign
  2:24564   warning  Expected a conditional expression and instead saw an assignment            no-cond-assign
  2:24628   warning  Expected a conditional expression and instead saw an assignment            no-cond-assign
  2:24667   warning  Expected a conditional expression and instead saw an assignment            no-cond-assign
  2:24730   warning  Expected a conditional expression and instead saw an assignment            no-cond-assign
  2:24774   warning  Expected a conditional expression and instead saw an assignment            no-cond-assign
  2:24823   warning  Do not access Object.prototype method 'hasOwnProperty' from target object  no-prototype-builtins
  2:33807   warning  Expected a conditional expression and instead saw an assignment            no-cond-assign
  2:35863   warning  Expected a conditional expression and instead saw an assignment            no-cond-assign
  2:40866   warning  Expected a conditional expression and instead saw an assignment            no-cond-assign
  2:41838   warning  Expected a conditional expression and instead saw an assignment            no-cond-assign
  2:42773   warning  Expected a conditional expression and instead saw an assignment            no-cond-assign
  2:63187   warning  Expected a conditional expression and instead saw an assignment            no-cond-assign
  2:64708   warning  Expected a conditional expression and instead saw an assignment            no-cond-assign
  2:64717   warning  Expected a conditional expression and instead saw an assignment            no-cond-assign
  2:64914   warning  Expected a conditional expression and instead saw an assignment            no-cond-assign
  2:64923   warning  Expected a conditional expression and instead saw an assignment            no-cond-assign
  2:70083   warning  Expected a conditional expression and instead saw an assignment            no-cond-assign
  2:70110   warning  Expected a conditional expression and instead saw an assignment            no-cond-assign
  2:70325   warning  Expected a conditional expression and instead saw an assignment            no-cond-assign
  2:70352   warning  Expected a conditional expression and instead saw an assignment            no-cond-assign
  2:70822   warning  Expected a conditional expression and instead saw an assignment            no-cond-assign
  2:71319   warning  Expected a conditional expression and instead saw an assignment            no-cond-assign
  2:72485   warning  Expected a conditional expression and instead saw an assignment            no-cond-assign
  2:72849   warning  Expected a conditional expression and instead saw an assignment            no-cond-assign
  2:73522   warning  Expected a conditional expression and instead saw an assignment            no-cond-assign
  2:73549   warning  Expected a conditional expression and instead saw an assignment            no-cond-assign
  2:74135   warning  Expected a conditional expression and instead saw an assignment            no-cond-assign
  2:74266   warning  Expected a conditional expression and instead saw an assignment            no-cond-assign
  2:74634   warning  Expected a conditional expression and instead saw an assignment            no-cond-assign
  2:74885   warning  Expected a conditional expression and instead saw an assignment            no-cond-assign
  2:75301   warning  Expected a conditional expression and instead saw an assignment            no-cond-assign
  2:80712   warning  Do not access Object.prototype method 'hasOwnProperty' from target object  no-prototype-builtins
  2:81687   warning  Do not access Object.prototype method 'hasOwnProperty' from target object  no-prototype-builtins
  2:85484   warning  Expected a conditional expression and instead saw an assignment            no-cond-assign
  2:87570   warning  Expected a conditional expression and instead saw an assignment            no-cond-assign
  2:87896   warning  Expected a conditional expression and instead saw an assignment            no-cond-assign
  2:95345   warning  Do not access Object.prototype method 'hasOwnProperty' from target object  no-prototype-builtins
  2:108506  warning  Expected a conditional expression and instead saw an assignment            no-cond-assign
  2:109695  warning  Expected a conditional expression and instead saw an assignment            no-cond-assign
  2:109850  warning  Expected a conditional expression and instead saw an assignment            no-cond-assign
  2:109932  warning  Expected a conditional expression and instead saw an assignment            no-cond-assign
  2:110009  warning  Expected a conditional expression and instead saw an assignment            no-cond-assign
  2:110633  warning  Expected a conditional expression and instead saw an assignment            no-cond-assign
  2:114017  warning  Expected a conditional expression and instead saw an assignment            no-cond-assign
  2:119300  warning  Expected a conditional expression and instead saw an assignment            no-cond-assign
  2:138602  warning  Expected a conditional expression and instead saw an assignment            no-cond-assign
  2:138739  warning  Expected a conditional expression and instead saw an assignment            no-cond-assign
  2:158240  warning  Expected a conditional expression and instead saw an assignment            no-cond-assign
  2:158958  warning  Expected a conditional expression and instead saw an assignment            no-cond-assign
  2:160622  warning  Expected a 'break' statement before 'default'                              no-fallthrough
  2:164807  warning  Expected a 'break' statement before 'case'                                 no-fallthrough
  2:165210  warning  Expected a 'break' statement before 'default'                              no-fallthrough
  2:166759  warning  Expected a 'break' statement before 'default'                              no-fallthrough
  2:168171  warning  Expected a 'break' statement before 'default'                              no-fallthrough
  2:169948  warning  Expected a 'break' statement before 'default'                              no-fallthrough
  2:171450  warning  Expected a 'break' statement before 'default'                              no-fallthrough
  2:173823  warning  Expected a 'break' statement before 'default'                              no-fallthrough
  2:180368  warning  Expected a 'break' statement before 'default'                              no-fallthrough
  2:184934  warning  Expected a conditional expression and instead saw an assignment            no-cond-assign
  2:186191  warning  Expected a conditional expression and instead saw an assignment            no-cond-assign
  2:192969  warning  Expected a conditional expression and instead saw an assignment            no-cond-assign
  2:193929  warning  Expected a conditional expression and instead saw an assignment            no-cond-assign
  2:193987  warning  Expected a conditional expression and instead saw an assignment            no-cond-assign
  2:199014  warning  Expected a 'break' statement before 'case'                                 no-fallthrough
  2:204133  warning  Expected a conditional expression and instead saw an assignment            no-cond-assign
  2:204553  warning  Expected a conditional expression and instead saw an assignment            no-cond-assign
  2:212154  warning  Do not access Object.prototype method 'hasOwnProperty' from target object  no-prototype-builtins
  2:220675  warning  Expected a conditional expression and instead saw an assignment            no-cond-assign
  2:230809  warning  Expected a conditional expression and instead saw an assignment            no-cond-assign
  2:236536  warning  Expected a conditional expression and instead saw an assignment            no-cond-assign
  2:236550  warning  Expected a conditional expression and instead saw an assignment            no-cond-assign

/home/runner/work/exp-oscilloscope-iitkgp/exp-oscilloscope-iitkgp/experiment/simulation/js/lib/jquery.knob.min.js
    2:41  warning  'define' is not defined                   no-undef
    3:9   warning  'define' is not defined                   no-undef
    5:11  warning  'jQuery' is not defined                   no-undef
   94:17  warning  'G_vmlCanvasManager' is not defined       no-undef
  181:44  warning  'e' is defined but never used             no-unused-vars
  232:32  warning  'this.$c[0].width' is assigned to itself  no-self-assign
  244:33  warning  'e' is defined but never used             no-unused-vars
  246:30  warning  'e' is defined but never used             no-unused-vars
  248:33  warning  'e' is defined but never used             no-unused-vars
  248:36  warning  't' is defined but never used             no-unused-vars
  348:40  warning  'e' is defined but never used             no-unused-vars

/home/runner/work/exp-oscilloscope-iitkgp/exp-oscilloscope-iitkgp/experiment/simulation/js/lib/jquery.min.js
  2:71     warning  'module' is not defined                                                    no-undef
  2:86     warning  'module' is not defined                                                    no-undef
  2:5874   warning  Unexpected control character(s) in regular expression: \x1f, \x1f          no-control-regex
  2:6347   warning  Expected a conditional expression and instead saw an assignment            no-cond-assign
  2:6601   warning  Expected a conditional expression and instead saw an assignment            no-cond-assign
  2:7032   warning  Expected a conditional expression and instead saw an assignment            no-cond-assign
  2:7258   warning  Empty block statement                                                      no-empty
  2:7820   warning  Expected a conditional expression and instead saw an assignment            no-cond-assign
  2:9886   warning  Expected a conditional expression and instead saw an assignment            no-cond-assign
  2:10196  warning  Expected a conditional expression and instead saw an assignment            no-cond-assign
  2:11997  warning  Expected a conditional expression and instead saw an assignment            no-cond-assign
  2:12573  warning  Expected a conditional expression and instead saw an assignment            no-cond-assign
  2:12611  warning  Expected a conditional expression and instead saw an assignment            no-cond-assign
  2:13029  warning  Empty block statement                                                      no-empty
  2:13643  warning  Expected a conditional expression and instead saw an assignment            no-cond-assign
  2:13955  warning  Expected a conditional expression and instead saw an assignment            no-cond-assign
  2:15779  warning  Expected a conditional expression and instead saw an assignment            no-cond-assign
  2:16050  warning  Expected a conditional expression and instead saw an assignment            no-cond-assign
  2:16250  warning  Expected a conditional expression and instead saw an assignment            no-cond-assign
  2:16626  warning  Do not access Object.prototype method 'hasOwnProperty' from target object  no-prototype-builtins
  2:17329  warning  Expected a conditional expression and instead saw an assignment            no-cond-assign
  2:19671  warning  Expected a conditional expression and instead saw an assignment            no-cond-assign
  2:19771  warning  Expected a conditional expression and instead saw an assignment            no-cond-assign
  2:19831  warning  Expected a conditional expression and instead saw an assignment            no-cond-assign
  2:21190  warning  Expected a conditional expression and instead saw an assignment            no-cond-assign
  2:21804  warning  Expected a conditional expression and instead saw an assignment            no-cond-assign
  2:21915  warning  Expected a conditional expression and instead saw an assignment            no-cond-assign
  2:24154  warning  Unnecessary escape character: \/                                           no-useless-escape
  2:24218  warning  Unnecessary escape character: \[                                           no-useless-escape
  2:24220  warning  Unnecessary escape character: \.                                           no-useless-escape
  3:1903   warning  Empty block statement                                                      no-empty
  3:5592   warning  Unnecessary escape character: \/                                           no-useless-escape
  3:6812   warning  Expected a conditional expression and instead saw an assignment            no-cond-assign
  3:6952   warning  Expected a conditional expression and instead saw an assignment            no-cond-assign
  3:7590   warning  Empty block statement                                                      no-empty
  3:14362  warning  Unnecessary escape character: \/                                           no-useless-escape
  3:16666  warning  Expected a conditional expression and instead saw an assignment            no-cond-assign
  3:18238  warning  Empty block statement                                                      no-empty
  3:25355  warning  Expected a conditional expression and instead saw an assignment            no-cond-assign
  3:27885  warning  Expected a conditional expression and instead saw an assignment            no-cond-assign
  4:425    warning  Expected a conditional expression and instead saw an assignment            no-cond-assign
  4:2134   warning  Expected a conditional expression and instead saw an assignment            no-cond-assign
  4:2200   warning  Expected a conditional expression and instead saw an assignment            no-cond-assign
  4:2539   warning  Expected a conditional expression and instead saw an assignment            no-cond-assign
  4:2605   warning  Expected a conditional expression and instead saw an assignment            no-cond-assign
  4:3022   warning  Expected a conditional expression and instead saw an assignment            no-cond-assign
  4:3299   warning  Expected a conditional expression and instead saw an assignment            no-cond-assign
  4:9024   warning  Expected a conditional expression and instead saw an assignment            no-cond-assign
  4:11516  warning  Expected a conditional expression and instead saw an assignment            no-cond-assign
  4:12237  warning  'j.href' is assigned to itself                                             no-self-assign
  4:15800  warning  Empty block statement                                                      no-empty
  4:22413  warning  'define' is not defined                                                    no-undef
  4:22425  warning  'define' is not defined                                                    no-undef

/home/runner/work/exp-oscilloscope-iitkgp/exp-oscilloscope-iitkgp/experiment/simulation/js/oscilloscope_axis.js
   10:5   warning  'vmaxs' is assigned a value but never used           no-unused-vars
   15:10  warning  'mainswt' is defined but never used                  no-unused-vars
   83:10  warning  'amp1pdiv' is defined but never used                 no-unused-vars
   89:9   warning  'drawsine' is not defined                            no-undef
   92:9   warning  'drawsquarewv' is not defined                        no-undef
   95:7   warning  'flag' is not defined                                no-undef
   96:9   warning  'bthdhlfrc' is not defined                           no-undef
   98:8   warning  'flag' is not defined                                no-undef
   99:8   warning  'grndhlfrc' is not defined                           no-undef
  103:10  warning  'timepdiv' is defined but never used                 no-unused-vars
  107:9   warning  'drawsine' is not defined                            no-undef
  110:9   warning  'drawsquarewv' is not defined                        no-undef
  112:4   warning  'flag' is not defined                                no-undef
  113:9   warning  'bthdhlfrc' is not defined                           no-undef
  115:8   warning  'flag' is not defined                                no-undef
  116:8   warning  'grndhlfrc' is not defined                           no-undef
  128:4   warning  'voltperdiv1' is not defined                         no-undef
  129:4   warning  'vmaxs1' is not defined                              no-undef
  129:24  warning  'voltperdiv1' is not defined                         no-undef
  130:3   warning  'voltperdiv2' is not defined                         no-undef
  131:3   warning  'vmaxs2' is not defined                              no-undef
  131:23  warning  'voltperdiv2' is not defined                         no-undef
  140:48  warning  'vmaxs1' is not defined                              no-undef
  143:46  warning  'vmaxs1' is not defined                              no-undef
  146:46  warning  'vmaxs1' is not defined                              no-undef
  149:47  warning  'vmaxs2' is not defined                              no-undef
  152:46  warning  'vmaxs2' is not defined                              no-undef
  155:46  warning  'vmaxs2' is not defined                              no-undef
  159:48  warning  'vmaxs1' is not defined                              no-undef
  160:48  warning  'vmaxs2' is not defined                              no-undef
  163:47  warning  'vmaxs1' is not defined                              no-undef
  164:47  warning  'vmaxs2' is not defined                              no-undef
  167:47  warning  'vmaxs1' is not defined                              no-undef
  168:47  warning  'vmaxs2' is not defined                              no-undef
  173:43  warning  'vmaxs1' is not defined                              no-undef
  174:43  warning  'vmaxs2' is not defined                              no-undef
  177:42  warning  'vmaxs1' is not defined                              no-undef
  178:42  warning  'vmaxs2' is not defined                              no-undef
  181:42  warning  'vmaxs1' is not defined                              no-undef
  182:42  warning  'vmaxs2' is not defined                              no-undef
  185:43  warning  'vmaxs1' is not defined                              no-undef
  186:43  warning  'vmaxs2' is not defined                              no-undef
  190:43  warning  'vmaxs1' is not defined                              no-undef
  191:43  warning  'vmaxs2' is not defined                              no-undef
  194:44  warning  'vmaxs1' is not defined                              no-undef
  195:44  warning  'vmaxs2' is not defined                              no-undef
  243:5   warning  'axismargin' is assigned a value but never used      no-unused-vars
  250:9   warning  'numofvrtcltick' is assigned a value but never used  no-unused-vars
  255:9   warning  'axislinewidth' is assigned a value but never used   no-unused-vars
  256:9   warning  'axiscolor' is assigned a value but never used       no-unused-vars
  325:5   warning  'currentMode' is assigned a value but never used     no-unused-vars
  326:10  warning  'chnlo' is defined but never used                    no-unused-vars
  329:5   warning  'drawsine1' is not defined                           no-undef
  332:27  warning  'drawsquarewv1' is not defined                       no-undef
  333:27  warning  'drawtraingwv1' is not defined                       no-undef
  336:10  warning  'chnlt' is defined but never used                    no-unused-vars
  339:8   warning  'drawsine2' is not defined                           no-undef
  340:29  warning  'drawsquarewv2' is not defined                       no-undef
  341:28  warning  'drawtraingwv2' is not defined                       no-undef
  344:10  warning  'bthd' is defined but never used                     no-unused-vars
  347:4   warning  'bothwvsin' is not defined                           no-undef
  349:4   warning  'bothwvsq' is not defined                            no-undef
  351:4   warning  'bothwvtri' is not defined                           no-undef
  355:5   warning  'drawsinesquare' is not defined                      no-undef
  359:5   warning  'drawsinetri' is not defined                         no-undef
  364:5   warning  'drawsquaresine' is not defined                      no-undef
  368:5   warning  'drawsquaretri' is not defined                       no-undef
  372:5   warning  'drawtrisine' is not defined                         no-undef
  376:5   warning  'drawtrisquare' is not defined                       no-undef
  405:11  warning  'grnds' is defined but never used                    no-unused-vars
  408:9   warning  'grndwvsin' is not defined                           no-undef
  410:9   warning  'grndwvsq' is not defined                            no-undef
  412:9   warning  'grndwvtri' is not defined                           no-undef
  416:9   warning  'grndwvsinsq' is not defined                         no-undef
  419:9   warning  'grndwvsinetri' is not defined                       no-undef
  422:9   warning  'grndwvsqsine' is not defined                        no-undef
  426:9   warning  'grndwvsqtri' is not defined                         no-undef
  430:9   warning  'grndwvtrisine' is not defined                       no-undef
  434:9   warning  'grndwvtrisq' is not defined                         no-undef
  440:13  warning  'oscilloxymode' is defined but never used            no-unused-vars
  443:9   warning  'xywvsin' is not defined                             no-undef
  445:9   warning  'xywvsq' is not defined                              no-undef
  447:9   warning  'xywvtri' is not defined                             no-undef
  451:9   warning  'xysinesquare' is not defined                        no-undef
  454:9   warning  'xysinestri' is not defined                          no-undef
  457:9   warning  'xysquaresine' is not defined                        no-undef
  460:9   warning  'xysquaretri' is not defined                         no-undef
  463:9   warning  'xytrisine' is not defined                           no-undef
  466:9   warning  'xytrisquare' is not defined                         no-undef

/home/runner/work/exp-oscilloscope-iitkgp/exp-oscilloscope-iitkgp/experiment/simulation/js/oscilloscope_knob.js
    8:5   warning  'vmaxs' is defined but never used  no-unused-vars
    9:5   warning  'tmaxs' is defined but never used  no-unused-vars
   10:1   warning  '$' is not defined                 no-undef
   13:5   warning  '$' is not defined                 no-undef
   25:29  warning  'v' is defined but never used      no-unused-vars
   26:17  warning  'flag_ch1' is not defined          no-undef
   27:17  warning  'drawsine1' is not defined         no-undef
   29:17  warning  'flag_ch1' is not defined          no-undef
   30:17  warning  'drawsquarewv1' is not defined     no-undef
   32:17  warning  'flag_ch1' is not defined          no-undef
   33:17  warning  'drawtraingwv1' is not defined     no-undef
   35:17  warning  'flag_ch2' is not defined          no-undef
   36:17  warning  'drawsine2' is not defined         no-undef
   38:17  warning  'flag_ch2' is not defined          no-undef
   39:17  warning  'drawsquarewv2' is not defined     no-undef
   41:17  warning  'flag_ch2' is not defined          no-undef
   42:17  warning  'drawtraingwv2' is not defined     no-undef
   44:17  warning  'currentMode' is not defined       no-undef
   45:21  warning  'flag_ch1' is not defined          no-undef
   45:38  warning  'flag_ch2' is not defined          no-undef
   45:53  warning  'bothwvsin' is not defined         no-undef
   46:21  warning  'flag_ch1' is not defined          no-undef
   46:38  warning  'flag_ch2' is not defined          no-undef
   46:53  warning  'bothwvsq' is not defined          no-undef
   47:21  warning  'flag_ch1' is not defined          no-undef
   47:38  warning  'flag_ch2' is not defined          no-undef
   47:53  warning  'bothwvtri' is not defined         no-undef
   48:22  warning  'flag_ch1' is not defined          no-undef
   48:41  warning  'flag_ch2' is not defined          no-undef
   49:21  warning  'drawsinesquare' is not defined    no-undef
   51:22  warning  'flag_ch1' is not defined          no-undef
   51:41  warning  'flag_ch2' is not defined          no-undef
   52:21  warning  'drawsinetri' is not defined       no-undef
   54:22  warning  'flag_ch1' is not defined          no-undef
   54:41  warning  'flag_ch2' is not defined          no-undef
   55:21  warning  'drawsquaresine' is not defined    no-undef
   57:22  warning  'flag_ch1' is not defined          no-undef
   57:41  warning  'flag_ch2' is not defined          no-undef
   58:21  warning  'drawsquaretri' is not defined     no-undef
   60:22  warning  'flag_ch1' is not defined          no-undef
   60:41  warning  'flag_ch2' is not defined          no-undef
   61:21  warning  'drawtrisine' is not defined       no-undef
   63:22  warning  'flag_ch1' is not defined          no-undef
   63:41  warning  'flag_ch2' is not defined          no-undef
   64:21  warning  'drawtrisquare' is not defined     no-undef
   68:17  warning  'currentMode' is not defined       no-undef
   69:21  warning  'flag_ch1' is not defined          no-undef
   69:39  warning  'flag_ch2' is not defined          no-undef
   69:55  warning  'xywvsin' is not defined           no-undef
   70:21  warning  'flag_ch1' is not defined          no-undef
   70:39  warning  'flag_ch2' is not defined          no-undef
   70:55  warning  'xywvsq' is not defined            no-undef
   71:21  warning  'flag_ch1' is not defined          no-undef
   71:39  warning  'flag_ch2' is not defined          no-undef
   71:55  warning  'xywvtri' is not defined           no-undef
   72:21  warning  'flag_ch1' is not defined          no-undef
   72:39  warning  'flag_ch2' is not defined          no-undef
   73:21  warning  'xysinesquare' is not defined      no-undef
   75:21  warning  'flag_ch1' is not defined          no-undef
   75:39  warning  'flag_ch2' is not defined          no-undef
   76:21  warning  'xysinestri' is not defined        no-undef
   78:21  warning  'flag_ch1' is not defined          no-undef
   78:39  warning  'flag_ch2' is not defined          no-undef
   79:21  warning  'xysquaresine' is not defined      no-undef
   81:21  warning  'flag_ch1' is not defined          no-undef
   81:39  warning  'flag_ch2' is not defined          no-undef
   82:21  warning  'xysquaretri' is not defined       no-undef
   84:21  warning  'flag_ch1' is not defined          no-undef
   84:39  warning  'flag_ch2' is not defined          no-undef
   85:21  warning  'xytrisine' is not defined         no-undef
   87:21  warning  'flag_ch1' is not defined          no-undef
   87:39  warning  'flag_ch2' is not defined          no-undef
   88:21  warning  'xytrisquare' is not defined       no-undef
  102:17  warning  'currentMode' is not defined       no-undef
  105:21  warning  'flag_ch1' is not defined          no-undef
  105:39  warning  'flag_ch2' is not defined          no-undef
  106:21  warning  'grndwvsinsq' is not defined       no-undef
  108:21  warning  'flag_ch1' is not defined          no-undef
  108:39  warning  'flag_ch2' is not defined          no-undef
  109:21  warning  'grndwvsinetri' is not defined     no-undef
  111:21  warning  'flag_ch1' is not defined          no-undef
  111:39  warning  'flag_ch2' is not defined          no-undef
  112:21  warning  'grndwvsqsine' is not defined      no-undef
  115:21  warning  'flag_ch1' is not defined          no-undef
  115:39  warning  'flag_ch2' is not defined          no-undef
  116:21  warning  'grndwvsqtri' is not defined       no-undef
  119:21  warning  'flag_ch1' is not defined          no-undef
  119:39  warning  'flag_ch2' is not defined          no-undef
  120:21  warning  'grndwvtrisine' is not defined     no-undef
  123:21  warning  'flag_ch1' is not defined          no-undef
  123:39  warning  'flag_ch2' is not defined          no-undef
  124:21  warning  'grndwvtrisq' is not defined       no-undef
  127:21  warning  'flag_ch1' is not defined          no-undef
  127:39  warning  'flag_ch2' is not defined          no-undef
  128:21  warning  'grndwvsin' is not defined         no-undef
  130:21  warning  'flag_ch1' is not defined          no-undef
  130:39  warning  'flag_ch2' is not defined          no-undef
  131:21  warning  'grndwvsq' is not defined          no-undef
  133:21  warning  'flag_ch1' is not defined          no-undef
  133:39  warning  'flag_ch2' is not defined          no-undef
  134:21  warning  'grndwvtri' is not defined         no-undef
  161:5   warning  '$' is not defined                 no-undef
  173:29  warning  'v' is defined but never used      no-unused-vars
  174:17  warning  'flag_ch1' is not defined          no-undef
  175:17  warning  'drawsine1' is not defined         no-undef
  177:17  warning  'flag_ch1' is not defined          no-undef
  178:17  warning  'drawsquarewv1' is not defined     no-undef
  180:17  warning  'flag_ch1' is not defined          no-undef
  181:17  warning  'drawtraingwv1' is not defined     no-undef
  183:17  warning  'currentMode' is not defined       no-undef
  184:21  warning  'flag_ch1' is not defined          no-undef
  184:38  warning  'flag_ch2' is not defined          no-undef
  184:53  warning  'bothwvsin' is not defined         no-undef
  185:21  warning  'flag_ch1' is not defined          no-undef
  185:38  warning  'flag_ch2' is not defined          no-undef
  185:53  warning  'bothwvsq' is not defined          no-undef
  186:21  warning  'flag_ch1' is not defined          no-undef
  186:38  warning  'flag_ch2' is not defined          no-undef
  186:53  warning  'bothwvtri' is not defined         no-undef
  187:22  warning  'flag_ch1' is not defined          no-undef
  187:41  warning  'flag_ch2' is not defined          no-undef
  188:21  warning  'drawsinesquare' is not defined    no-undef
  190:22  warning  'flag_ch1' is not defined          no-undef
  190:41  warning  'flag_ch2' is not defined          no-undef
  191:21  warning  'drawsinetri' is not defined       no-undef
  193:22  warning  'flag_ch1' is not defined          no-undef
  193:41  warning  'flag_ch2' is not defined          no-undef
  194:21  warning  'drawsquaresine' is not defined    no-undef
  196:22  warning  'flag_ch1' is not defined          no-undef
  196:41  warning  'flag_ch2' is not defined          no-undef
  197:21  warning  'drawsquaretri' is not defined     no-undef
  199:22  warning  'flag_ch1' is not defined          no-undef
  199:41  warning  'flag_ch2' is not defined          no-undef
  200:21  warning  'drawtrisine' is not defined       no-undef
  202:22  warning  'flag_ch1' is not defined          no-undef
  202:41  warning  'flag_ch2' is not defined          no-undef
  203:21  warning  'drawtrisquare' is not defined     no-undef
  207:17  warning  'currentMode' is not defined       no-undef
  208:21  warning  'flag_ch1' is not defined          no-undef
  208:39  warning  'flag_ch2' is not defined          no-undef
  208:55  warning  'xywvsin' is not defined           no-undef
  209:21  warning  'flag_ch1' is not defined          no-undef
  209:39  warning  'flag_ch2' is not defined          no-undef
  209:55  warning  'xywvsq' is not defined            no-undef
  210:21  warning  'flag_ch1' is not defined          no-undef
  210:39  warning  'flag_ch2' is not defined          no-undef
  210:55  warning  'xywvtri' is not defined           no-undef
  211:21  warning  'flag_ch1' is not defined          no-undef
  211:39  warning  'flag_ch2' is not defined          no-undef
  212:21  warning  'xysinesquare' is not defined      no-undef
  214:21  warning  'flag_ch1' is not defined          no-undef
  214:39  warning  'flag_ch2' is not defined          no-undef
  215:21  warning  'xysinestri' is not defined        no-undef
  217:21  warning  'flag_ch1' is not defined          no-undef
  217:39  warning  'flag_ch2' is not defined          no-undef
  218:21  warning  'xysquaresine' is not defined      no-undef
  220:21  warning  'flag_ch1' is not defined          no-undef
  220:39  warning  'flag_ch2' is not defined          no-undef
  221:21  warning  'xysquaretri' is not defined       no-undef
  223:21  warning  'flag_ch1' is not defined          no-undef
  223:39  warning  'flag_ch2' is not defined          no-undef
  224:21  warning  'xytrisine' is not defined         no-undef
  226:21  warning  'flag_ch1' is not defined          no-undef
  226:39  warning  'flag_ch2' is not defined          no-undef
  227:21  warning  'xytrisquare' is not defined       no-undef
  241:17  warning  'currentMode' is not defined       no-undef
  242:21  warning  'flag_ch1' is not defined          no-undef
  242:39  warning  'flag_ch2' is not defined          no-undef
  243:21  warning  'grndwvsinsq' is not defined       no-undef
  245:21  warning  'flag_ch1' is not defined          no-undef
  245:39  warning  'flag_ch2' is not defined          no-undef
  246:21  warning  'grndwvsinetri' is not defined     no-undef
  248:21  warning  'flag_ch1' is not defined          no-undef
  248:39  warning  'flag_ch2' is not defined          no-undef
  249:21  warning  'grndwvsqsine' is not defined      no-undef
  252:21  warning  'flag_ch1' is not defined          no-undef
  252:39  warning  'flag_ch2' is not defined          no-undef
  253:21  warning  'grndwvsqtri' is not defined       no-undef
  256:21  warning  'flag_ch1' is not defined          no-undef
  256:39  warning  'flag_ch2' is not defined          no-undef
  257:21  warning  'grndwvtrisine' is not defined     no-undef
  260:21  warning  'flag_ch1' is not defined          no-undef
  260:39  warning  'flag_ch2' is not defined          no-undef
  261:21  warning  'grndwvtrisq' is not defined       no-undef
  264:21  warning  'flag_ch1' is not defined          no-undef
  264:39  warning  'flag_ch2' is not defined          no-undef
  265:21  warning  'grndwvsin' is not defined         no-undef
  267:21  warning  'flag_ch1' is not defined          no-undef
  267:39  warning  'flag_ch2' is not defined          no-undef
  268:21  warning  'grndwvsq' is not defined          no-undef
  270:21  warning  'flag_ch1' is not defined          no-undef
  270:39  warning  'flag_ch2' is not defined          no-undef
  271:21  warning  'grndwvtri' is not defined         no-undef
  288:5   warning  '$' is not defined                 no-undef
  300:29  warning  'v' is defined but never used      no-unused-vars
  302:17  warning  'flag_ch2' is not defined          no-undef
  303:17  warning  'drawsine2' is not defined         no-undef
  305:17  warning  'flag_ch2' is not defined          no-undef
  306:17  warning  'drawsquarewv2' is not defined     no-undef
  308:17  warning  'flag_ch2' is not defined          no-undef
  309:17  warning  'drawtraingwv2' is not defined     no-undef
  311:17  warning  'currentMode' is not defined       no-undef
  312:21  warning  'flag_ch1' is not defined          no-undef
  312:38  warning  'flag_ch2' is not defined          no-undef
  312:53  warning  'bothwvsin' is not defined         no-undef
  313:21  warning  'flag_ch1' is not defined          no-undef
  313:38  warning  'flag_ch2' is not defined          no-undef
  313:53  warning  'bothwvsq' is not defined          no-undef
  314:21  warning  'flag_ch1' is not defined          no-undef
  314:38  warning  'flag_ch2' is not defined          no-undef
  314:53  warning  'bothwvtri' is not defined         no-undef
  315:22  warning  'flag_ch1' is not defined          no-undef
  315:41  warning  'flag_ch2' is not defined          no-undef
  316:21  warning  'drawsinesquare' is not defined    no-undef
  318:22  warning  'flag_ch1' is not defined          no-undef
  318:41  warning  'flag_ch2' is not defined          no-undef
  319:21  warning  'drawsinetri' is not defined       no-undef
  321:22  warning  'flag_ch1' is not defined          no-undef
  321:41  warning  'flag_ch2' is not defined          no-undef
  322:21  warning  'drawsquaresine' is not defined    no-undef
  324:22  warning  'flag_ch1' is not defined          no-undef
  324:41  warning  'flag_ch2' is not defined          no-undef
  325:21  warning  'drawsquaretri' is not defined     no-undef
  327:22  warning  'flag_ch1' is not defined          no-undef
  327:41  warning  'flag_ch2' is not defined          no-undef
  328:21  warning  'drawtrisine' is not defined       no-undef
  330:22  warning  'flag_ch1' is not defined          no-undef
  330:41  warning  'flag_ch2' is not defined          no-undef
  331:21  warning  'drawtrisquare' is not defined     no-undef
  335:17  warning  'currentMode' is not defined       no-undef
  336:21  warning  'flag_ch1' is not defined          no-undef
  336:39  warning  'flag_ch2' is not defined          no-undef
  336:55  warning  'xywvsin' is not defined           no-undef
  337:21  warning  'flag_ch1' is not defined          no-undef
  337:39  warning  'flag_ch2' is not defined          no-undef
  337:55  warning  'xywvsq' is not defined            no-undef
  338:21  warning  'flag_ch1' is not defined          no-undef
  338:39  warning  'flag_ch2' is not defined          no-undef
  338:55  warning  'xywvtri' is not defined           no-undef
  339:21  warning  'flag_ch1' is not defined          no-undef
  339:39  warning  'flag_ch2' is not defined          no-undef
  340:21  warning  'xysinesquare' is not defined      no-undef
  342:21  warning  'flag_ch1' is not defined          no-undef
  342:39  warning  'flag_ch2' is not defined          no-undef
  343:21  warning  'xysinestri' is not defined        no-undef
  345:21  warning  'flag_ch1' is not defined          no-undef
  345:39  warning  'flag_ch2' is not defined          no-undef
  346:21  warning  'xysquaresine' is not defined      no-undef
  348:21  warning  'flag_ch1' is not defined          no-undef
  348:39  warning  'flag_ch2' is not defined          no-undef
  349:21  warning  'xysquaretri' is not defined       no-undef
  351:21  warning  'flag_ch1' is not defined          no-undef
  351:39  warning  'flag_ch2' is not defined          no-undef
  352:21  warning  'xytrisine' is not defined         no-undef
  354:21  warning  'flag_ch1' is not defined          no-undef
  354:39  warning  'flag_ch2' is not defined          no-undef
  355:21  warning  'xytrisquare' is not defined       no-undef
  368:17  warning  'currentMode' is not defined       no-undef
  369:21  warning  'flag_ch1' is not defined          no-undef
  369:39  warning  'flag_ch2' is not defined          no-undef
  370:21  warning  'grndwvsinsq' is not defined       no-undef
  372:21  warning  'flag_ch1' is not defined          no-undef
  372:39  warning  'flag_ch2' is not defined          no-undef
  373:21  warning  'grndwvsinetri' is not defined     no-undef
  375:21  warning  'flag_ch1' is not defined          no-undef
  375:39  warning  'flag_ch2' is not defined          no-undef
  376:21  warning  'grndwvsqsine' is not defined      no-undef
  379:21  warning  'flag_ch1' is not defined          no-undef
  379:39  warning  'flag_ch2' is not defined          no-undef
  380:21  warning  'grndwvsqtri' is not defined       no-undef
  383:21  warning  'flag_ch1' is not defined          no-undef
  383:39  warning  'flag_ch2' is not defined          no-undef
  384:21  warning  'grndwvtrisine' is not defined     no-undef
  387:21  warning  'flag_ch1' is not defined          no-undef
  387:39  warning  'flag_ch2' is not defined          no-undef
  388:21  warning  'grndwvtrisq' is not defined       no-undef
  391:21  warning  'flag_ch1' is not defined          no-undef
  391:39  warning  'flag_ch2' is not defined          no-undef
  392:21  warning  'grndwvsin' is not defined         no-undef
  394:21  warning  'flag_ch1' is not defined          no-undef
  394:39  warning  'flag_ch2' is not defined          no-undef
  395:21  warning  'grndwvsq' is not defined          no-undef
  397:21  warning  'flag_ch1' is not defined          no-undef
  397:39  warning  'flag_ch2' is not defined          no-undef
  398:21  warning  'grndwvtri' is not defined         no-undef
  417:5   warning  '$' is not defined                 no-undef
  429:29  warning  'v' is defined but never used      no-unused-vars
  430:17  warning  'flag_ch1' is not defined          no-undef
  431:17  warning  'drawsine1' is not defined         no-undef
  433:17  warning  'flag_ch1' is not defined          no-undef
  434:17  warning  'drawsquarewv1' is not defined     no-undef
  436:17  warning  'flag_ch1' is not defined          no-undef
  437:17  warning  'drawtraingwv1' is not defined     no-undef
  439:17  warning  'currentMode' is not defined       no-undef
  440:21  warning  'flag_ch1' is not defined          no-undef
  440:38  warning  'flag_ch2' is not defined          no-undef
  440:53  warning  'bothwvsin' is not defined         no-undef
  441:21  warning  'flag_ch1' is not defined          no-undef
  441:38  warning  'flag_ch2' is not defined          no-undef
  441:53  warning  'bothwvsq' is not defined          no-undef
  442:21  warning  'flag_ch1' is not defined          no-undef
  442:38  warning  'flag_ch2' is not defined          no-undef
  442:53  warning  'bothwvtri' is not defined         no-undef
  443:22  warning  'flag_ch1' is not defined          no-undef
  443:41  warning  'flag_ch2' is not defined          no-undef
  444:21  warning  'drawsinesquare' is not defined    no-undef
  446:22  warning  'flag_ch1' is not defined          no-undef
  446:41  warning  'flag_ch2' is not defined          no-undef
  447:21  warning  'drawsinetri' is not defined       no-undef
  449:22  warning  'flag_ch1' is not defined          no-undef
  449:41  warning  'flag_ch2' is not defined          no-undef
  450:21  warning  'drawsquaresine' is not defined    no-undef
  452:22  warning  'flag_ch1' is not defined          no-undef
  452:41  warning  'flag_ch2' is not defined          no-undef
  453:21  warning  'drawsquaretri' is not defined     no-undef
  455:22  warning  'flag_ch1' is not defined          no-undef
  455:41  warning  'flag_ch2' is not defined          no-undef
  456:21  warning  'drawtrisine' is not defined       no-undef
  458:22  warning  'flag_ch1' is not defined          no-undef
  458:41  warning  'flag_ch2' is not defined          no-undef
  459:21  warning  'drawtrisquare' is not defined     no-undef
  463:17  warning  'currentMode' is not defined       no-undef
  464:21  warning  'flag_ch1' is not defined          no-undef
  464:39  warning  'flag_ch2' is not defined          no-undef
  464:55  warning  'xywvsin' is not defined           no-undef
  465:21  warning  'flag_ch1' is not defined          no-undef
  465:39  warning  'flag_ch2' is not defined          no-undef
  465:55  warning  'xywvsq' is not defined            no-undef
  466:21  warning  'flag_ch1' is not defined          no-undef
  466:39  warning  'flag_ch2' is not defined          no-undef
  466:55  warning  'xywvtri' is not defined           no-undef
  467:21  warning  'flag_ch1' is not defined          no-undef
  467:39  warning  'flag_ch2' is not defined          no-undef
  468:21  warning  'xysinesquare' is not defined      no-undef
  470:21  warning  'flag_ch1' is not defined          no-undef
  470:39  warning  'flag_ch2' is not defined          no-undef
  471:21  warning  'xysinestri' is not defined        no-undef
  473:21  warning  'flag_ch1' is not defined          no-undef
  473:39  warning  'flag_ch2' is not defined          no-undef
  474:21  warning  'xysquaresine' is not defined      no-undef
  476:21  warning  'flag_ch1' is not defined          no-undef
  476:39  warning  'flag_ch2' is not defined          no-undef
  477:21  warning  'xysquaretri' is not defined       no-undef
  479:21  warning  'flag_ch1' is not defined          no-undef
  479:39  warning  'flag_ch2' is not defined          no-undef
  480:21  warning  'xytrisine' is not defined         no-undef
  482:21  warning  'flag_ch1' is not defined          no-undef
  482:39  warning  'flag_ch2' is not defined          no-undef
  483:21  warning  'xytrisquare' is not defined       no-undef
  488:17  warning  'currentMode' is not defined       no-undef
  489:21  warning  'flag_ch1' is not defined          no-undef
  489:39  warning  'flag_ch2' is not defined          no-undef
  490:21  warning  'grndwvsinsq' is not defined       no-undef
  492:21  warning  'flag_ch1' is not defined          no-undef
  492:39  warning  'flag_ch2' is not defined          no-undef
  493:21  warning  'grndwvsinetri' is not defined     no-undef
  495:21  warning  'flag_ch1' is not defined          no-undef
  495:39  warning  'flag_ch2' is not defined          no-undef
  496:21  warning  'grndwvsqsine' is not defined      no-undef
  499:21  warning  'flag_ch1' is not defined          no-undef
  499:39  warning  'flag_ch2' is not defined          no-undef
  500:21  warning  'grndwvsqtri' is not defined       no-undef
  503:21  warning  'flag_ch1' is not defined          no-undef
  503:39  warning  'flag_ch2' is not defined          no-undef
  504:21  warning  'grndwvtrisine' is not defined     no-undef
  507:21  warning  'flag_ch1' is not defined          no-undef
  507:39  warning  'flag_ch2' is not defined          no-undef
  508:21  warning  'grndwvtrisq' is not defined       no-undef
  511:21  warning  'flag_ch1' is not defined          no-undef
  511:39  warning  'flag_ch2' is not defined          no-undef
  512:21  warning  'grndwvsin' is not defined         no-undef
  514:21  warning  'flag_ch1' is not defined          no-undef
  514:39  warning  'flag_ch2' is not defined          no-undef
  515:21  warning  'grndwvsq' is not defined          no-undef
  517:21  warning  'flag_ch1' is not defined          no-undef
  517:39  warning  'flag_ch2' is not defined          no-undef
  518:21  warning  'grndwvtri' is not defined         no-undef
  528:5   warning  '$' is not defined                 no-undef
  540:29  warning  'v' is defined but never used      no-unused-vars
  541:17  warning  'flag_ch1' is not defined          no-undef
  542:17  warning  'drawsine1' is not defined         no-undef
  544:17  warning  'flag_ch1' is not defined          no-undef
  545:17  warning  'drawsquarewv1' is not defined     no-undef
  547:17  warning  'flag_ch1' is not defined          no-undef
  548:17  warning  'drawtraingwv1' is not defined     no-undef
  550:17  warning  'currentMode' is not defined       no-undef
  551:21  warning  'flag_ch1' is not defined          no-undef
  551:38  warning  'flag_ch2' is not defined          no-undef
  551:53  warning  'bothwvsin' is not defined         no-undef
  552:21  warning  'flag_ch1' is not defined          no-undef
  552:38  warning  'flag_ch2' is not defined          no-undef
  552:53  warning  'bothwvsq' is not defined          no-undef
  553:21  warning  'flag_ch1' is not defined          no-undef
  553:38  warning  'flag_ch2' is not defined          no-undef
  553:53  warning  'bothwvtri' is not defined         no-undef
  554:22  warning  'flag_ch1' is not defined          no-undef
  554:41  warning  'flag_ch2' is not defined          no-undef
  555:21  warning  'drawsinesquare' is not defined    no-undef
  557:22  warning  'flag_ch1' is not defined          no-undef
  557:41  warning  'flag_ch2' is not defined          no-undef
  558:21  warning  'drawsinetri' is not defined       no-undef
  560:22  warning  'flag_ch1' is not defined          no-undef
  560:41  warning  'flag_ch2' is not defined          no-undef
  561:21  warning  'drawsquaresine' is not defined    no-undef
  563:22  warning  'flag_ch1' is not defined          no-undef
  563:41  warning  'flag_ch2' is not defined          no-undef
  564:21  warning  'drawsquaretri' is not defined     no-undef
  566:22  warning  'flag_ch1' is not defined          no-undef
  566:41  warning  'flag_ch2' is not defined          no-undef
  567:21  warning  'drawtrisine' is not defined       no-undef
  569:22  warning  'flag_ch1' is not defined          no-undef
  569:41  warning  'flag_ch2' is not defined          no-undef
  570:21  warning  'drawtrisquare' is not defined     no-undef
  574:17  warning  'currentMode' is not defined       no-undef
  575:21  warning  'flag_ch1' is not defined          no-undef
  575:39  warning  'flag_ch2' is not defined          no-undef
  575:55  warning  'xywvsin' is not defined           no-undef
  576:21  warning  'flag_ch1' is not defined          no-undef
  576:39  warning  'flag_ch2' is not defined          no-undef
  576:55  warning  'xywvsq' is not defined            no-undef
  577:21  warning  'flag_ch1' is not defined          no-undef
  577:39  warning  'flag_ch2' is not defined          no-undef
  577:55  warning  'xywvtri' is not defined           no-undef
  578:21  warning  'flag_ch1' is not defined          no-undef
  578:39  warning  'flag_ch2' is not defined          no-undef
  579:21  warning  'xysinesquare' is not defined      no-undef
  581:21  warning  'flag_ch1' is not defined          no-undef
  581:39  warning  'flag_ch2' is not defined          no-undef
  582:21  warning  'xysinestri' is not defined        no-undef
  584:21  warning  'flag_ch1' is not defined          no-undef
  584:39  warning  'flag_ch2' is not defined          no-undef
  585:21  warning  'xysquaresine' is not defined      no-undef
  587:21  warning  'flag_ch1' is not defined          no-undef
  587:39  warning  'flag_ch2' is not defined          no-undef
  588:21  warning  'xysquaretri' is not defined       no-undef
  590:21  warning  'flag_ch1' is not defined          no-undef
  590:39  warning  'flag_ch2' is not defined          no-undef
  591:21  warning  'xytrisine' is not defined         no-undef
  593:21  warning  'flag_ch1' is not defined          no-undef
  593:39  warning  'flag_ch2' is not defined          no-undef
  594:21  warning  'xytrisquare' is not defined       no-undef
  599:17  warning  'currentMode' is not defined       no-undef
  600:21  warning  'flag_ch1' is not defined          no-undef
  600:39  warning  'flag_ch2' is not defined          no-undef
  601:21  warning  'grndwvsinsq' is not defined       no-undef
  603:21  warning  'flag_ch1' is not defined          no-undef
  603:39  warning  'flag_ch2' is not defined          no-undef
  604:21  warning  'grndwvsinetri' is not defined     no-undef
  606:21  warning  'flag_ch1' is not defined          no-undef
  606:39  warning  'flag_ch2' is not defined          no-undef
  607:21  warning  'grndwvsqsine' is not defined      no-undef
  610:21  warning  'flag_ch1' is not defined          no-undef
  610:39  warning  'flag_ch2' is not defined          no-undef
  611:21  warning  'grndwvsqtri' is not defined       no-undef
  614:21  warning  'flag_ch1' is not defined          no-undef
  614:39  warning  'flag_ch2' is not defined          no-undef
  615:21  warning  'grndwvtrisine' is not defined     no-undef
  618:21  warning  'flag_ch1' is not defined          no-undef
  618:39  warning  'flag_ch2' is not defined          no-undef
  619:21  warning  'grndwvtrisq' is not defined       no-undef
  622:21  warning  'flag_ch1' is not defined          no-undef
  622:39  warning  'flag_ch2' is not defined          no-undef
  623:21  warning  'grndwvsin' is not defined         no-undef
  625:21  warning  'flag_ch1' is not defined          no-undef
  625:39  warning  'flag_ch2' is not defined          no-undef
  626:21  warning  'grndwvsq' is not defined          no-undef
  628:21  warning  'flag_ch1' is not defined          no-undef
  628:39  warning  'flag_ch2' is not defined          no-undef
  629:21  warning  'grndwvtri' is not defined         no-undef
  639:5   warning  '$' is not defined                 no-undef
  651:29  warning  'v' is defined but never used      no-unused-vars
  653:17  warning  'flag_ch2' is not defined          no-undef
  654:17  warning  'drawsine2' is not defined         no-undef
  656:17  warning  'flag_ch2' is not defined          no-undef
  657:17  warning  'drawsquarewv2' is not defined     no-undef
  659:17  warning  'flag_ch2' is not defined          no-undef
  660:17  warning  'drawtraingwv2' is not defined     no-undef
  662:17  warning  'currentMode' is not defined       no-undef
  663:21  warning  'flag_ch1' is not defined          no-undef
  663:38  warning  'flag_ch2' is not defined          no-undef
  663:53  warning  'bothwvsin' is not defined         no-undef
  664:21  warning  'flag_ch1' is not defined          no-undef
  664:38  warning  'flag_ch2' is not defined          no-undef
  664:53  warning  'bothwvsq' is not defined          no-undef
  665:21  warning  'flag_ch1' is not defined          no-undef
  665:38  warning  'flag_ch2' is not defined          no-undef
  665:53  warning  'bothwvtri' is not defined         no-undef
  666:22  warning  'flag_ch1' is not defined          no-undef
  666:41  warning  'flag_ch2' is not defined          no-undef
  667:21  warning  'drawsinesquare' is not defined    no-undef
  669:22  warning  'flag_ch1' is not defined          no-undef
  669:41  warning  'flag_ch2' is not defined          no-undef
  670:21  warning  'drawsinetri' is not defined       no-undef
  672:22  warning  'flag_ch1' is not defined          no-undef
  672:41  warning  'flag_ch2' is not defined          no-undef
  673:21  warning  'drawsquaresine' is not defined    no-undef
  675:22  warning  'flag_ch1' is not defined          no-undef
  675:41  warning  'flag_ch2' is not defined          no-undef
  676:21  warning  'drawsquaretri' is not defined     no-undef
  678:22  warning  'flag_ch1' is not defined          no-undef
  678:41  warning  'flag_ch2' is not defined          no-undef
  679:21  warning  'drawtrisine' is not defined       no-undef
  681:22  warning  'flag_ch1' is not defined          no-undef
  681:41  warning  'flag_ch2' is not defined          no-undef
  682:21  warning  'drawtrisquare' is not defined     no-undef
  687:17  warning  'currentMode' is not defined       no-undef
  688:21  warning  'flag_ch1' is not defined          no-undef
  688:39  warning  'flag_ch2' is not defined          no-undef
  688:55  warning  'xywvsin' is not defined           no-undef
  689:21  warning  'flag_ch1' is not defined          no-undef
  689:39  warning  'flag_ch2' is not defined          no-undef
  689:55  warning  'xywvsq' is not defined            no-undef
  690:21  warning  'flag_ch1' is not defined          no-undef
  690:39  warning  'flag_ch2' is not defined          no-undef
  690:55  warning  'xywvtri' is not defined           no-undef
  691:21  warning  'flag_ch1' is not defined          no-undef
  691:39  warning  'flag_ch2' is not defined          no-undef
  692:21  warning  'xysinesquare' is not defined      no-undef
  694:21  warning  'flag_ch1' is not defined          no-undef
  694:39  warning  'flag_ch2' is not defined          no-undef
  695:21  warning  'xysinestri' is not defined        no-undef
  697:21  warning  'flag_ch1' is not defined          no-undef
  697:39  warning  'flag_ch2' is not defined          no-undef
  698:21  warning  'xysquaresine' is not defined      no-undef
  700:21  warning  'flag_ch1' is not defined          no-undef
  700:39  warning  'flag_ch2' is not defined          no-undef
  701:21  warning  'xysquaretri' is not defined       no-undef
  703:21  warning  'flag_ch1' is not defined          no-undef
  703:39  warning  'flag_ch2' is not defined          no-undef
  704:21  warning  'xytrisine' is not defined         no-undef
  706:21  warning  'flag_ch1' is not defined          no-undef
  706:39  warning  'flag_ch2' is not defined          no-undef
  707:21  warning  'xytrisquare' is not defined       no-undef
  711:17  warning  'currentMode' is not defined       no-undef
  712:21  warning  'flag_ch1' is not defined          no-undef
  712:39  warning  'flag_ch2' is not defined          no-undef
  713:21  warning  'grndwvsinsq' is not defined       no-undef
  715:21  warning  'flag_ch1' is not defined          no-undef
  715:39  warning  'flag_ch2' is not defined          no-undef
  716:21  warning  'grndwvsinetri' is not defined     no-undef
  718:21  warning  'flag_ch1' is not defined          no-undef
  718:39  warning  'flag_ch2' is not defined          no-undef
  719:21  warning  'grndwvsqsine' is not defined      no-undef
  722:21  warning  'flag_ch1' is not defined          no-undef
  722:39  warning  'flag_ch2' is not defined          no-undef
  723:21  warning  'grndwvsqtri' is not defined       no-undef
  726:21  warning  'flag_ch1' is not defined          no-undef
  726:39  warning  'flag_ch2' is not defined          no-undef
  727:21  warning  'grndwvtrisine' is not defined     no-undef
  730:21  warning  'flag_ch1' is not defined          no-undef
  730:39  warning  'flag_ch2' is not defined          no-undef
  731:21  warning  'grndwvtrisq' is not defined       no-undef
  734:21  warning  'flag_ch1' is not defined          no-undef
  734:39  warning  'flag_ch2' is not defined          no-undef
  735:21  warning  'grndwvsin' is not defined         no-undef
  737:21  warning  'flag_ch1' is not defined          no-undef
  737:39  warning  'flag_ch2' is not defined          no-undef
  738:21  warning  'grndwvsq' is not defined          no-undef
  740:21  warning  'flag_ch1' is not defined          no-undef
  740:39  warning  'flag_ch2' is not defined          no-undef
  741:21  warning  'grndwvtri' is not defined         no-undef
  750:5   warning  '$' is not defined                 no-undef
  762:29  warning  'v' is defined but never used      no-unused-vars
  764:17  warning  'flag_ch2' is not defined          no-undef
  765:17  warning  'drawsine2' is not defined         no-undef
  767:17  warning  'flag_ch2' is not defined          no-undef
  768:17  warning  'drawsquarewv2' is not defined     no-undef
  770:17  warning  'flag_ch2' is not defined          no-undef
  771:17  warning  'drawtraingwv2' is not defined     no-undef
  773:17  warning  'currentMode' is not defined       no-undef
  774:21  warning  'flag_ch1' is not defined          no-undef
  774:38  warning  'flag_ch2' is not defined          no-undef
  774:53  warning  'bothwvsin' is not defined         no-undef
  775:21  warning  'flag_ch1' is not defined          no-undef
  775:38  warning  'flag_ch2' is not defined          no-undef
  775:53  warning  'bothwvsq' is not defined          no-undef
  776:21  warning  'flag_ch1' is not defined          no-undef
  776:38  warning  'flag_ch2' is not defined          no-undef
  776:53  warning  'bothwvtri' is not defined         no-undef
  777:22  warning  'flag_ch1' is not defined          no-undef
  777:41  warning  'flag_ch2' is not defined          no-undef
  778:21  warning  'drawsinesquare' is not defined    no-undef
  780:22  warning  'flag_ch1' is not defined          no-undef
  780:41  warning  'flag_ch2' is not defined          no-undef
  781:21  warning  'drawsinetri' is not defined       no-undef
  783:22  warning  'flag_ch1' is not defined          no-undef
  783:41  warning  'flag_ch2' is not defined          no-undef
  784:21  warning  'drawsquaresine' is not defined    no-undef
  786:22  warning  'flag_ch1' is not defined          no-undef
  786:41  warning  'flag_ch2' is not defined          no-undef
  787:21  warning  'drawsquaretri' is not defined     no-undef
  789:22  warning  'flag_ch1' is not defined          no-undef
  789:41  warning  'flag_ch2' is not defined          no-undef
  790:21  warning  'drawtrisine' is not defined       no-undef
  792:22  warning  'flag_ch1' is not defined          no-undef
  792:41  warning  'flag_ch2' is not defined          no-undef
  793:21  warning  'drawtrisquare' is not defined     no-undef
  797:17  warning  'currentMode' is not defined       no-undef
  798:21  warning  'flag_ch1' is not defined          no-undef
  798:39  warning  'flag_ch2' is not defined          no-undef
  798:55  warning  'xywvsin' is not defined           no-undef
  799:21  warning  'flag_ch1' is not defined          no-undef
  799:39  warning  'flag_ch2' is not defined          no-undef
  799:55  warning  'xywvsq' is not defined            no-undef
  800:21  warning  'flag_ch1' is not defined          no-undef
  800:39  warning  'flag_ch2' is not defined          no-undef
  800:55  warning  'xywvtri' is not defined           no-undef
  801:21  warning  'flag_ch1' is not defined          no-undef
  801:39  warning  'flag_ch2' is not defined          no-undef
  802:21  warning  'xysinesquare' is not defined      no-undef
  804:21  warning  'flag_ch1' is not defined          no-undef
  804:39  warning  'flag_ch2' is not defined          no-undef
  805:21  warning  'xysinestri' is not defined        no-undef
  807:21  warning  'flag_ch1' is not defined          no-undef
  807:39  warning  'flag_ch2' is not defined          no-undef
  808:21  warning  'xysquaresine' is not defined      no-undef
  810:21  warning  'flag_ch1' is not defined          no-undef
  810:39  warning  'flag_ch2' is not defined          no-undef
  811:21  warning  'xysquaretri' is not defined       no-undef
  813:21  warning  'flag_ch1' is not defined          no-undef
  813:39  warning  'flag_ch2' is not defined          no-undef
  814:21  warning  'xytrisine' is not defined         no-undef
  816:21  warning  'flag_ch1' is not defined          no-undef
  816:39  warning  'flag_ch2' is not defined          no-undef
  817:21  warning  'xytrisquare' is not defined       no-undef
  822:17  warning  'currentMode' is not defined       no-undef
  823:21  warning  'flag_ch1' is not defined          no-undef
  823:39  warning  'flag_ch2' is not defined          no-undef
  824:21  warning  'grndwvsinsq' is not defined       no-undef
  826:21  warning  'flag_ch1' is not defined          no-undef
  826:39  warning  'flag_ch2' is not defined          no-undef
  827:21  warning  'grndwvsinetri' is not defined     no-undef
  829:21  warning  'flag_ch1' is not defined          no-undef
  829:39  warning  'flag_ch2' is not defined          no-undef
  830:21  warning  'grndwvsqsine' is not defined      no-undef
  833:21  warning  'flag_ch1' is not defined          no-undef
  833:39  warning  'flag_ch2' is not defined          no-undef
  834:21  warning  'grndwvsqtri' is not defined       no-undef
  837:21  warning  'flag_ch1' is not defined          no-undef
  837:39  warning  'flag_ch2' is not defined          no-undef
  838:21  warning  'grndwvtrisine' is not defined     no-undef
  841:21  warning  'flag_ch1' is not defined          no-undef
  841:39  warning  'flag_ch2' is not defined          no-undef
  842:21  warning  'grndwvtrisq' is not defined       no-undef
  845:21  warning  'flag_ch1' is not defined          no-undef
  845:39  warning  'flag_ch2' is not defined          no-undef
  846:21  warning  'grndwvsin' is not defined         no-undef
  848:21  warning  'flag_ch1' is not defined          no-undef
  848:39  warning  'flag_ch2' is not defined          no-undef
  849:21  warning  'grndwvsq' is not defined          no-undef
  851:21  warning  'flag_ch1' is not defined          no-undef
  851:39  warning  'flag_ch2' is not defined          no-undef
  852:21  warning  'grndwvtri' is not defined         no-undef

/home/runner/work/exp-oscilloscope-iitkgp/exp-oscilloscope-iitkgp/experiment/simulation/js/oscilloscope_sinewv.js
   13:5   warning  'vmaxs' is defined but never used        no-unused-vars
   18:10  warning  'posiy1chnge' is defined but never used  no-unused-vars
   26:10  warning  'drawsquarewv1' is not defined           no-undef
   29:9   warning  'drawtraingwv1' is not defined           no-undef
   34:10  warning  'posix2chnge' is defined but never used  no-unused-vars
   40:10  warning  'drawsquarewv1' is not defined           no-undef
   43:9   warning  'drawtraingwv1' is not defined           no-undef
   46:9   warning  'drawsine2' is not defined               no-undef
   49:9   warning  'drawsquarewv2' is not defined           no-undef
   52:9   warning  'drawtraingwv2' is not defined           no-undef
   57:10  warning  'ampfng1' is defined but never used      no-unused-vars
   63:10  warning  'drawsquarewv1' is not defined           no-undef
   66:9   warning  'drawtraingwv1' is not defined           no-undef
   69:9   warning  'currentMode' is not defined             no-undef
   70:45  warning  'bothwvsin' is not defined               no-undef
   71:45  warning  'bothwvsq' is not defined                no-undef
   72:45  warning  'bothwvtri' is not defined               no-undef
   75:9   warning  'currentMode' is not defined             no-undef
   76:47  warning  'xywvsin' is not defined                 no-undef
   77:47  warning  'xywvsq' is not defined                  no-undef
   78:47  warning  'xywvtri' is not defined                 no-undef
   93:10  warning  'freqfng1' is defined but never used     no-unused-vars
   99:10  warning  'drawsquarewv1' is not defined           no-undef
  102:9   warning  'drawtraingwv1' is not defined           no-undef
  104:9   warning  'currentMode' is not defined             no-undef
  105:45  warning  'bothwvsin' is not defined               no-undef
  106:45  warning  'bothwvsq' is not defined                no-undef
  107:45  warning  'bothwvtri' is not defined               no-undef
  110:9   warning  'currentMode' is not defined             no-undef
  111:47  warning  'xywvsin' is not defined                 no-undef
  112:47  warning  'xywvsq' is not defined                  no-undef
  113:47  warning  'xywvtri' is not defined                 no-undef
  158:5   warning  'drawAxis' is not defined                no-undef
  159:5   warning  'drawGrid' is not defined                no-undef
  188:9   warning  'i' is already defined                   no-redeclare
  195:5   warning  'ctx' is not defined                     no-undef
  196:5   warning  'ctx' is not defined                     no-undef
  197:5   warning  'ctx' is not defined                     no-undef
  207:13  warning  'ctx' is not defined                     no-undef
  209:13  warning  'ctx' is not defined                     no-undef
  212:5   warning  'ctx' is not defined                     no-undef

/home/runner/work/exp-oscilloscope-iitkgp/exp-oscilloscope-iitkgp/experiment/simulation/js/oscilloscope_sinewv2.js
   13:5   warning  'vmaxs' is defined but never used        no-unused-vars
   18:10  warning  'posiy2chnge' is defined but never used  no-unused-vars
   24:9   warning  'drawsquarewv2' is not defined           no-undef
   27:9   warning  'drawtraingwv2' is not defined           no-undef
   32:10  warning  'posix2chnge' is defined but never used  no-unused-vars
   35:9   warning  'drawsine1' is not defined               no-undef
   38:10  warning  'drawsquarewv1' is not defined           no-undef
   41:9   warning  'drawtraingwv1' is not defined           no-undef
   47:9   warning  'drawsquarewv2' is not defined           no-undef
   50:9   warning  'drawtraingwv2' is not defined           no-undef
   55:10  warning  'ampfng2' is defined but never used      no-unused-vars
   61:9   warning  'drawsquarewv2' is not defined           no-undef
   64:9   warning  'drawtraingwv2' is not defined           no-undef
   66:9   warning  'currentMode' is not defined             no-undef
   67:45  warning  'bothwvsin' is not defined               no-undef
   68:45  warning  'bothwvsq' is not defined                no-undef
   69:45  warning  'bothwvtri' is not defined               no-undef
   72:9   warning  'currentMode' is not defined             no-undef
   73:47  warning  'xywvsin' is not defined                 no-undef
   74:47  warning  'xywvsq' is not defined                  no-undef
   75:47  warning  'xywvtri' is not defined                 no-undef
   80:10  warning  'freqfng2' is defined but never used     no-unused-vars
   86:9   warning  'drawsquarewv2' is not defined           no-undef
   89:9   warning  'drawtraingwv2' is not defined           no-undef
   91:9   warning  'currentMode' is not defined             no-undef
   92:45  warning  'bothwvsin' is not defined               no-undef
   93:45  warning  'bothwvsq' is not defined                no-undef
   94:45  warning  'bothwvtri' is not defined               no-undef
   97:9   warning  'currentMode' is not defined             no-undef
   98:47  warning  'xywvsin' is not defined                 no-undef
   99:47  warning  'xywvsq' is not defined                  no-undef
  100:47  warning  'xywvtri' is not defined                 no-undef
  130:5   warning  'canvas' is not defined                  no-undef
  131:17  warning  'canvas' is not defined                  no-undef
  131:28  warning  'canvas' is not defined                  no-undef
  133:5   warning  'ctx' is not defined                     no-undef
  133:11  warning  'canvas' is not defined                  no-undef
  135:5   warning  'ctx' is not defined                     no-undef
  136:5   warning  'ctx' is not defined                     no-undef
  136:24  warning  'canvas' is not defined                  no-undef
  136:38  warning  'canvas' is not defined                  no-undef
  140:5   warning  'drawGrid' is not defined                no-undef
  140:14  warning  'ctx' is not defined                     no-undef
  141:5   warning  'drawAxis' is not defined                no-undef
  169:9   warning  'i' is already defined                   no-redeclare
  176:5   warning  'ctx' is not defined                     no-undef
  177:5   warning  'ctx' is not defined                     no-undef
  178:5   warning  'ctx' is not defined                     no-undef
  188:13  warning  'ctx' is not defined                     no-undef
  190:13  warning  'ctx' is not defined                     no-undef
  193:5   warning  'ctx' is not defined                     no-undef

/home/runner/work/exp-oscilloscope-iitkgp/exp-oscilloscope-iitkgp/experiment/simulation/js/oscilloscope_sqrwv.js
    8:6   warning  'posysq1' is assigned a value but never used  no-unused-vars
   12:6   warning  'vmaxs' is defined but never used             no-unused-vars
   17:11  warning  'posiy1chnge' is defined but never used       no-unused-vars
   21:9   warning  'drawsine1' is not defined                    no-undef
   27:9   warning  'drawtraingwv1' is not defined                no-undef
   31:11  warning  'posix2chnge' is defined but never used       no-unused-vars
   34:9   warning  'drawsine1' is not defined                    no-undef
   40:9   warning  'drawtraingwv1' is not defined                no-undef
   43:9   warning  'drawsine2' is not defined                    no-undef
   46:9   warning  'drawsquarewv2' is not defined                no-undef
   49:9   warning  'drawtraingwv2' is not defined                no-undef
   54:11  warning  'ampfng1' is defined but never used           no-unused-vars
   57:9   warning  'drawsine1' is not defined                    no-undef
   63:9   warning  'drawtraingwv1' is not defined                no-undef
   68:11  warning  'freqfng1' is defined but never used          no-unused-vars
   71:9   warning  'drawsine1' is not defined                    no-undef
   77:9   warning  'drawtraingwv1' is not defined                no-undef
  114:6   warning  'canvas' is not defined                       no-undef
  115:18  warning  'canvas' is not defined                       no-undef
  115:29  warning  'canvas' is not defined                       no-undef
  117:6   warning  'ctx' is not defined                          no-undef
  117:12  warning  'canvas' is not defined                       no-undef
  119:6   warning  'ctx' is not defined                          no-undef
  120:6   warning  'ctx' is not defined                          no-undef
  120:25  warning  'canvas' is not defined                       no-undef
  120:39  warning  'canvas' is not defined                       no-undef
  124:6   warning  'drawGrid' is not defined                     no-undef
  124:15  warning  'ctx' is not defined                          no-undef
  125:6   warning  'drawAxis' is not defined                     no-undef
  134:6   warning  'posy1sq' is not defined                      no-undef
  155:10  warning  'i' is already defined                        no-redeclare
  162:6   warning  'ctx' is not defined                          no-undef
  163:6   warning  'ctx' is not defined                          no-undef
  164:6   warning  'ctx' is not defined                          no-undef
  165:28  warning  'posy1sq' is not defined                      no-undef
  174:14  warning  'ctx' is not defined                          no-undef
  176:14  warning  'ctx' is not defined                          no-undef
  179:6   warning  'ctx' is not defined                          no-undef

/home/runner/work/exp-oscilloscope-iitkgp/exp-oscilloscope-iitkgp/experiment/simulation/js/oscilloscope_sqrwv2.js
   12:6   warning  'vmaxs' is defined but never used        no-unused-vars
   17:11  warning  'posiy2chnge' is defined but never used  no-unused-vars
   20:9   warning  'drawsine2' is not defined               no-undef
   26:9   warning  'drawtraingwv2' is not defined           no-undef
   32:11  warning  'posix2chnge' is defined but never used  no-unused-vars
   35:9   warning  'drawsine1' is not defined               no-undef
   38:10  warning  'drawsquarewv1' is not defined           no-undef
   41:9   warning  'drawtraingwv1' is not defined           no-undef
   44:9   warning  'drawsine2' is not defined               no-undef
   50:9   warning  'drawtraingwv2' is not defined           no-undef
   55:11  warning  'ampfng2' is defined but never used      no-unused-vars
   58:9   warning  'drawsine2' is not defined               no-undef
   64:9   warning  'drawtraingwv2' is not defined           no-undef
   68:11  warning  'freqfng2' is defined but never used     no-unused-vars
   71:9   warning  'drawsine2' is not defined               no-undef
   77:9   warning  'drawtraingwv2' is not defined           no-undef
  111:6   warning  'canvas' is not defined                  no-undef
  112:18  warning  'canvas' is not defined                  no-undef
  112:29  warning  'canvas' is not defined                  no-undef
  114:6   warning  'ctx' is not defined                     no-undef
  114:12  warning  'canvas' is not defined                  no-undef
  116:6   warning  'ctx' is not defined                     no-undef
  117:6   warning  'ctx' is not defined                     no-undef
  117:25  warning  'canvas' is not defined                  no-undef
  117:39  warning  'canvas' is not defined                  no-undef
  120:6   warning  'drawGrid' is not defined                no-undef
  120:15  warning  'ctx' is not defined                     no-undef
  121:6   warning  'drawAxis' is not defined                no-undef
  151:10  warning  'i' is already defined                   no-redeclare
  158:6   warning  'ctx' is not defined                     no-undef
  159:6   warning  'ctx' is not defined                     no-undef
  160:6   warning  'ctx' is not defined                     no-undef
  170:14  warning  'ctx' is not defined                     no-undef
  172:14  warning  'ctx' is not defined                     no-undef
  175:6   warning  'ctx' is not defined                     no-undef

/home/runner/work/exp-oscilloscope-iitkgp/exp-oscilloscope-iitkgp/experiment/simulation/js/oscilloscope_triangwv.js
   11:5   warning  'vmaxs' is defined but never used        no-unused-vars
   17:10  warning  'posiy1chnge' is defined but never used  no-unused-vars
   18:5   warning  'posy2' is not defined                   no-undef
   21:9   warning  'drawsine1' is not defined               no-undef
   24:10  warning  'drawsquarewv1' is not defined           no-undef
   33:10  warning  'posix2chnge' is defined but never used  no-unused-vars
   37:9   warning  'drawsine1' is not defined               no-undef
   40:10  warning  'drawsquarewv1' is not defined           no-undef
   46:9   warning  'drawsine2' is not defined               no-undef
   49:9   warning  'drawsquarewv2' is not defined           no-undef
   52:9   warning  'drawtraingwv2' is not defined           no-undef
   58:10  warning  'ampfng1' is defined but never used      no-unused-vars
   61:9   warning  'drawsine1' is not defined               no-undef
   64:10  warning  'drawsquarewv1' is not defined           no-undef
   71:10  warning  'freqfng1' is defined but never used     no-unused-vars
   74:9   warning  'drawsine1' is not defined               no-undef
   77:10  warning  'drawsquarewv1' is not defined           no-undef
  116:5   warning  'canvas' is not defined                  no-undef
  117:17  warning  'canvas' is not defined                  no-undef
  117:28  warning  'canvas' is not defined                  no-undef
  119:5   warning  'ctx' is not defined                     no-undef
  119:11  warning  'canvas' is not defined                  no-undef
  121:5   warning  'ctx' is not defined                     no-undef
  122:5   warning  'ctx' is not defined                     no-undef
  122:24  warning  'canvas' is not defined                  no-undef
  122:38  warning  'canvas' is not defined                  no-undef
  124:5   warning  'drawGrid' is not defined                no-undef
  124:14  warning  'ctx' is not defined                     no-undef
  125:5   warning  'drawAxis' is not defined                no-undef
  148:9   warning  'x2' is assigned a value but never used  no-unused-vars
  148:45  warning  'y2' is assigned a value but never used  no-unused-vars
  167:9   warning  'i' is already defined                   no-redeclare
  174:5   warning  'ctx' is not defined                     no-undef
  175:5   warning  'ctx' is not defined                     no-undef
  176:4   warning  'ctx' is not defined                     no-undef
  177:9   warning  'p' is already defined                   no-redeclare
  186:13  warning  'ctx' is not defined                     no-undef
  188:13  warning  'ctx' is not defined                     no-undef
  191:5   warning  'ctx' is not defined                     no-undef

/home/runner/work/exp-oscilloscope-iitkgp/exp-oscilloscope-iitkgp/experiment/simulation/js/oscilloscope_triangwv2.js
   12:5   warning  'vmaxs' is defined but never used        no-unused-vars
   18:10  warning  'posiy2chnge' is defined but never used  no-unused-vars
   22:9   warning  'drawsine2' is not defined               no-undef
   25:9   warning  'drawsquarewv2' is not defined           no-undef
   34:10  warning  'posix2chnge' is defined but never used  no-unused-vars
   38:9   warning  'drawsine1' is not defined               no-undef
   41:10  warning  'drawsquarewv1' is not defined           no-undef
   44:9   warning  'drawtraingwv1' is not defined           no-undef
   47:9   warning  'drawsine2' is not defined               no-undef
   50:9   warning  'drawsquarewv2' is not defined           no-undef
   59:10  warning  'ampfng2' is defined but never used      no-unused-vars
   62:9   warning  'drawsine2' is not defined               no-undef
   65:9   warning  'drawsquarewv2' is not defined           no-undef
   72:10  warning  'freqfng2' is defined but never used     no-unused-vars
   75:9   warning  'drawsine2' is not defined               no-undef
   78:9   warning  'drawsquarewv2' is not defined           no-undef
  117:5   warning  'canvas' is not defined                  no-undef
  118:17  warning  'canvas' is not defined                  no-undef
  118:28  warning  'canvas' is not defined                  no-undef
  120:5   warning  'ctx' is not defined                     no-undef
  120:11  warning  'canvas' is not defined                  no-undef
  122:5   warning  'ctx' is not defined                     no-undef
  123:5   warning  'ctx' is not defined                     no-undef
  123:24  warning  'canvas' is not defined                  no-undef
  123:38  warning  'canvas' is not defined                  no-undef
  125:5   warning  'drawGrid' is not defined                no-undef
  125:14  warning  'ctx' is not defined                     no-undef
  126:5   warning  'drawAxis' is not defined                no-undef
  149:9   warning  'x2' is assigned a value but never used  no-unused-vars
  149:45  warning  'y2' is assigned a value but never used  no-unused-vars
  168:9   warning  'i' is already defined                   no-redeclare
  175:5   warning  'ctx' is not defined                     no-undef
  176:5   warning  'ctx' is not defined                     no-undef
  177:4   warning  'ctx' is not defined                     no-undef
  178:9   warning  'p' is already defined                   no-redeclare
  187:13  warning  'ctx' is not defined                     no-undef
  189:13  warning  'ctx' is not defined                     no-undef
  192:5   warning  'ctx' is not defined                     no-undef

/home/runner/work/exp-oscilloscope-iitkgp/exp-oscilloscope-iitkgp/experiment/simulation/js/oscilloscopeboth.js
   13:5   warning  'vmaxs' is defined but never used            no-unused-vars
   16:10  warning  'posiy1chnge' is defined but never used      no-unused-vars
   20:9   warning  'drawsine1' is not defined                   no-undef
   23:9   warning  'drawsquarewv1' is not defined               no-undef
   26:9   warning  'drawtraingwv1' is not defined               no-undef
   29:9   warning  'currentMode' is not defined                 no-undef
   35:9   warning  'currentMode' is not defined                 no-undef
   36:47  warning  'xywvsin' is not defined                     no-undef
   37:47  warning  'xywvsq' is not defined                      no-undef
   38:47  warning  'xywvtri' is not defined                     no-undef
   49:9   warning  'currentMode' is not defined                 no-undef
   51:13  warning  'grndwvsin' is not defined                   no-undef
   54:13  warning  'grndwvsq' is not defined                    no-undef
   57:13  warning  'grndwvtri' is not defined                   no-undef
   72:10  warning  'posiy2chnge' is defined but never used      no-unused-vars
   77:9   warning  'drawsine2' is not defined                   no-undef
   80:9   warning  'drawsquarewv2' is not defined               no-undef
   83:9   warning  'drawtraingwv2' is not defined               no-undef
   85:9   warning  'currentMode' is not defined                 no-undef
   91:9   warning  'currentMode' is not defined                 no-undef
   92:47  warning  'xywvsin' is not defined                     no-undef
   93:47  warning  'xywvsq' is not defined                      no-undef
   94:47  warning  'xywvtri' is not defined                     no-undef
   96:9   warning  'currentMode' is not defined                 no-undef
   99:13  warning  'grndwvsin' is not defined                   no-undef
  102:13  warning  'grndwvsq' is not defined                    no-undef
  105:13  warning  'grndwvtri' is not defined                   no-undef
  111:10  warning  'posix2chnge' is defined but never used      no-unused-vars
  114:9   warning  'drawsine1' is not defined                   no-undef
  117:9   warning  'drawsquarewv1' is not defined               no-undef
  120:9   warning  'drawtraingwv1' is not defined               no-undef
  123:9   warning  'drawsine2' is not defined                   no-undef
  126:9   warning  'drawsquarewv2' is not defined               no-undef
  129:9   warning  'drawtraingwv2' is not defined               no-undef
  131:9   warning  'currentMode' is not defined                 no-undef
  137:9   warning  'currentMode' is not defined                 no-undef
  138:47  warning  'xywvsin' is not defined                     no-undef
  139:47  warning  'xywvsq' is not defined                      no-undef
  140:47  warning  'xywvtri' is not defined                     no-undef
  152:9   warning  'currentMode' is not defined                 no-undef
  155:13  warning  'grndwvsin' is not defined                   no-undef
  158:13  warning  'grndwvsq' is not defined                    no-undef
  162:13  warning  'grndwvtri' is not defined                   no-undef
  168:10  warning  'ampfng1' is defined but never used          no-unused-vars
  172:9   warning  'drawsine1' is not defined                   no-undef
  175:9   warning  'drawsquarewv1' is not defined               no-undef
  178:9   warning  'drawtraingwv1' is not defined               no-undef
  180:9   warning  'currentMode' is not defined                 no-undef
  186:9   warning  'currentMode' is not defined                 no-undef
  187:47  warning  'xywvsin' is not defined                     no-undef
  188:47  warning  'xywvsq' is not defined                      no-undef
  189:47  warning  'xywvtri' is not defined                     no-undef
  202:10  warning  'freqfng1' is defined but never used         no-unused-vars
  206:9   warning  'drawsine1' is not defined                   no-undef
  209:9   warning  'drawsquarewv1' is not defined               no-undef
  212:9   warning  'drawtraingwv1' is not defined               no-undef
  214:9   warning  'currentMode' is not defined                 no-undef
  220:9   warning  'currentMode' is not defined                 no-undef
  221:47  warning  'xywvsin' is not defined                     no-undef
  222:47  warning  'xywvsq' is not defined                      no-undef
  223:47  warning  'xywvtri' is not defined                     no-undef
  236:10  warning  'ampfng2' is defined but never used          no-unused-vars
  239:9   warning  'drawsine2' is not defined                   no-undef
  242:9   warning  'drawsquarewv2' is not defined               no-undef
  245:9   warning  'drawtraingwv2' is not defined               no-undef
  247:9   warning  'currentMode' is not defined                 no-undef
  253:9   warning  'currentMode' is not defined                 no-undef
  254:47  warning  'xywvsin' is not defined                     no-undef
  255:47  warning  'xywvsq' is not defined                      no-undef
  256:47  warning  'xywvtri' is not defined                     no-undef
  269:10  warning  'freqfng2' is defined but never used         no-unused-vars
  272:9   warning  'drawsine2' is not defined                   no-undef
  275:9   warning  'drawsquarewv2' is not defined               no-undef
  278:9   warning  'drawtraingwv2' is not defined               no-undef
  280:9   warning  'currentMode' is not defined                 no-undef
  286:9   warning  'currentMode' is not defined                 no-undef
  287:47  warning  'xywvsin' is not defined                     no-undef
  288:47  warning  'xywvsq' is not defined                      no-undef
  289:47  warning  'xywvtri' is not defined                     no-undef
  304:5   warning  'canvas' is not defined                      no-undef
  305:17  warning  'canvas' is not defined                      no-undef
  305:28  warning  'canvas' is not defined                      no-undef
  307:5   warning  'ctx' is not defined                         no-undef
  307:11  warning  'canvas' is not defined                      no-undef
  309:5   warning  'ctx' is not defined                         no-undef
  310:5   warning  'ctx' is not defined                         no-undef
  310:24  warning  'canvas' is not defined                      no-undef
  310:38  warning  'canvas' is not defined                      no-undef
  311:5   warning  'drawGrid' is not defined                    no-undef
  311:14  warning  'ctx' is not defined                         no-undef
  312:5   warning  'drawAxis' is not defined                    no-undef
  319:58  warning  Unnecessary semicolon                        no-extra-semi
  344:9   warning  'i' is already defined                       no-redeclare
  351:5   warning  'ctx' is not defined                         no-undef
  352:5   warning  'ctx' is not defined                         no-undef
  353:5   warning  'ctx' is not defined                         no-undef
  363:13  warning  'ctx' is not defined                         no-undef
  365:13  warning  'ctx' is not defined                         no-undef
  368:5   warning  'ctx' is not defined                         no-undef
  377:5   warning  'tstop1' is assigned a value but never used  no-unused-vars
  386:9   warning  'j' is already defined                       no-redeclare
  386:12  warning  'x0' is already defined                      no-redeclare
  386:16  warning  'y0' is already defined                      no-redeclare
  386:20  warning  'xscale' is already defined                  no-redeclare
  386:28  warning  'yscale' is already defined                  no-redeclare
  393:5   warning  'ctx' is not defined                         no-undef
  394:5   warning  'ctx' is not defined                         no-undef
  395:5   warning  'ctx' is not defined                         no-undef
  405:13  warning  'ctx' is not defined                         no-undef
  407:13  warning  'ctx' is not defined                         no-undef
  410:5   warning  'ctx' is not defined                         no-undef
  418:5   warning  'canvas' is not defined                      no-undef
  419:17  warning  'canvas' is not defined                      no-undef
  419:28  warning  'canvas' is not defined                      no-undef
  421:5   warning  'ctx' is not defined                         no-undef
  421:11  warning  'canvas' is not defined                      no-undef
  423:5   warning  'ctx' is not defined                         no-undef
  424:5   warning  'ctx' is not defined                         no-undef
  424:24  warning  'canvas' is not defined                      no-undef
  424:38  warning  'canvas' is not defined                      no-undef
  425:5   warning  'drawGrid' is not defined                    no-undef
  425:14  warning  'ctx' is not defined                         no-undef
  426:5   warning  'drawAxis' is not defined                    no-undef
  433:58  warning  Unnecessary semicolon                        no-extra-semi
  459:9   warning  'i' is already defined                       no-redeclare
  466:5   warning  'ctx' is not defined                         no-undef
  467:5   warning  'ctx' is not defined                         no-undef
  468:5   warning  'ctx' is not defined                         no-undef
  478:13  warning  'ctx' is not defined                         no-undef
  480:13  warning  'ctx' is not defined                         no-undef
  483:5   warning  'ctx' is not defined                         no-undef
  488:9   warning  'dt' is already defined                      no-redeclare
  488:13  warning  'tstart' is already defined                  no-redeclare
  488:21  warning  'tstop' is already defined                   no-redeclare
  502:9   warning  'j' is already defined                       no-redeclare
  502:12  warning  'x0' is already defined                      no-redeclare
  502:16  warning  'y0' is already defined                      no-redeclare
  502:20  warning  'xscale' is already defined                  no-redeclare
  502:28  warning  'yscale' is already defined                  no-redeclare
  509:5   warning  'ctx' is not defined                         no-undef
  510:5   warning  'ctx' is not defined                         no-undef
  511:5   warning  'ctx' is not defined                         no-undef
  521:13  warning  'ctx' is not defined                         no-undef
  523:13  warning  'ctx' is not defined                         no-undef
  526:5   warning  'ctx' is not defined                         no-undef
  532:5   warning  'canvas' is not defined                      no-undef
  533:17  warning  'canvas' is not defined                      no-undef
  533:28  warning  'canvas' is not defined                      no-undef
  535:5   warning  'ctx' is not defined                         no-undef
  535:11  warning  'canvas' is not defined                      no-undef
  537:5   warning  'ctx' is not defined                         no-undef
  538:5   warning  'ctx' is not defined                         no-undef
  538:24  warning  'canvas' is not defined                      no-undef
  538:38  warning  'canvas' is not defined                      no-undef
  539:5   warning  'drawGrid' is not defined                    no-undef
  539:14  warning  'ctx' is not defined                         no-undef
  540:5   warning  'drawAxis' is not defined                    no-undef
  547:58  warning  Unnecessary semicolon                        no-extra-semi
  578:9   warning  'i' is already defined                       no-redeclare
  585:5   warning  'ctx' is not defined                         no-undef
  586:5   warning  'ctx' is not defined                         no-undef
  587:5   warning  'ctx' is not defined                         no-undef
  588:9   warning  'p' is already defined                       no-redeclare
  597:13  warning  'ctx' is not defined                         no-undef
  599:13  warning  'ctx' is not defined                         no-undef
  602:5   warning  'ctx' is not defined                         no-undef
  607:9   warning  'dt' is already defined                      no-redeclare
  607:13  warning  'tstart' is already defined                  no-redeclare
  607:21  warning  'tstop' is already defined                   no-redeclare
  617:13  warning  'p' is already defined                       no-redeclare
  618:13  warning  'z' is already defined                       no-redeclare
  623:9   warning  'j' is already defined                       no-redeclare
  623:12  warning  'x0' is already defined                      no-redeclare
  623:16  warning  'y0' is already defined                      no-redeclare
  623:20  warning  'xscale' is already defined                  no-redeclare
  623:28  warning  'yscale' is already defined                  no-redeclare
  630:5   warning  'ctx' is not defined                         no-undef
  631:5   warning  'ctx' is not defined                         no-undef
  632:5   warning  'ctx' is not defined                         no-undef
  642:13  warning  'ctx' is not defined                         no-undef
  644:13  warning  'ctx' is not defined                         no-undef
  647:5   warning  'ctx' is not defined                         no-undef

/home/runner/work/exp-oscilloscope-iitkgp/exp-oscilloscope-iitkgp/experiment/simulation/js/oscilloscopegrnd.js
   13:5   warning  'vmaxs' is defined but never used        no-unused-vars
   16:10  warning  'posiy1chnge' is defined but never used  no-unused-vars
   29:9   warning  'currentMode' is not defined             no-undef
   47:10  warning  'posiy2chnge' is defined but never used  no-unused-vars
   59:9   warning  'currentMode' is not defined             no-undef
   71:13  warning  'grndwvsinsq' is not defined             no-undef
   74:13  warning  'grndwvsinetri' is not defined           no-undef
   77:13  warning  'grndwvsqsine' is not defined            no-undef
   81:13  warning  'grndwvsqtri' is not defined             no-undef
   85:13  warning  'grndwvtrisine' is not defined           no-undef
   89:13  warning  'grndwvtrisq' is not defined             no-undef
  107:10  warning  'posix2chnge' is defined but never used  no-unused-vars
  127:9   warning  'currentMode' is not defined             no-undef
  139:13  warning  'grndwvsinsq' is not defined             no-undef
  142:13  warning  'grndwvsinetri' is not defined           no-undef
  145:13  warning  'grndwvsqsine' is not defined            no-undef
  149:13  warning  'grndwvsqtri' is not defined             no-undef
  153:13  warning  'grndwvtrisine' is not defined           no-undef
  157:13  warning  'grndwvtrisq' is not defined             no-undef
  174:10  warning  'ampfng1' is defined but never used      no-unused-vars
  177:9   warning  'drawsine1' is not defined               no-undef
  180:9   warning  'drawsquarewv1' is not defined           no-undef
  183:9   warning  'drawtraingwv1' is not defined           no-undef
  185:9   warning  'currentMode' is not defined             no-undef
  198:9   warning  'currentMode' is not defined             no-undef
  199:45  warning  'bothwvsin' is not defined               no-undef
  200:45  warning  'bothwvsq' is not defined                no-undef
  201:45  warning  'bothwvtri' is not defined               no-undef
  204:9   warning  'currentMode' is not defined             no-undef
  205:47  warning  'xywvsin' is not defined                 no-undef
  206:47  warning  'xywvsq' is not defined                  no-undef
  207:47  warning  'xywvtri' is not defined                 no-undef
  211:10  warning  'freqfng1' is defined but never used     no-unused-vars
  214:9   warning  'drawsine1' is not defined               no-undef
  217:9   warning  'drawsquarewv1' is not defined           no-undef
  220:9   warning  'drawtraingwv1' is not defined           no-undef
  222:9   warning  'currentMode' is not defined             no-undef
  234:9   warning  'currentMode' is not defined             no-undef
  235:45  warning  'bothwvsin' is not defined               no-undef
  236:45  warning  'bothwvsq' is not defined                no-undef
  237:45  warning  'bothwvtri' is not defined               no-undef
  240:9   warning  'currentMode' is not defined             no-undef
  241:47  warning  'xywvsin' is not defined                 no-undef
  242:47  warning  'xywvsq' is not defined                  no-undef
  243:47  warning  'xywvtri' is not defined                 no-undef
  246:10  warning  'ampfng2' is defined but never used      no-unused-vars
  249:9   warning  'drawsine2' is not defined               no-undef
  252:9   warning  'drawsquarewv2' is not defined           no-undef
  255:9   warning  'drawtraingwv2' is not defined           no-undef
  257:9   warning  'currentMode' is not defined             no-undef
  269:9   warning  'currentMode' is not defined             no-undef
  270:45  warning  'bothwvsin' is not defined               no-undef
  271:45  warning  'bothwvsq' is not defined                no-undef
  272:45  warning  'bothwvtri' is not defined               no-undef
  275:9   warning  'currentMode' is not defined             no-undef
  276:47  warning  'xywvsin' is not defined                 no-undef
  277:47  warning  'xywvsq' is not defined                  no-undef
  278:47  warning  'xywvtri' is not defined                 no-undef
  282:10  warning  'freqfng2' is defined but never used     no-unused-vars
  283:5   warning  'frqfng2' is not defined                 no-undef
  285:9   warning  'drawsine2' is not defined               no-undef
  288:9   warning  'drawsquarewv2' is not defined           no-undef
  291:9   warning  'drawtraingwv2' is not defined           no-undef
  293:9   warning  'currentMode' is not defined             no-undef
  305:9   warning  'currentMode' is not defined             no-undef
  306:45  warning  'bothwvsin' is not defined               no-undef
  307:45  warning  'bothwvsq' is not defined                no-undef
  308:45  warning  'bothwvtri' is not defined               no-undef
  311:9   warning  'currentMode' is not defined             no-undef
  312:47  warning  'xywvsin' is not defined                 no-undef
  313:47  warning  'xywvsq' is not defined                  no-undef
  314:47  warning  'xywvtri' is not defined                 no-undef
  320:5   warning  'canvas' is not defined                  no-undef
  321:17  warning  'canvas' is not defined                  no-undef
  321:28  warning  'canvas' is not defined                  no-undef
  323:5   warning  'ctx' is not defined                     no-undef
  323:11  warning  'canvas' is not defined                  no-undef
  325:5   warning  'ctx' is not defined                     no-undef
  326:5   warning  'ctx' is not defined                     no-undef
  326:24  warning  'canvas' is not defined                  no-undef
  326:38  warning  'canvas' is not defined                  no-undef
  327:5   warning  'drawGrid' is not defined                no-undef
  327:14  warning  'ctx' is not defined                     no-undef
  328:5   warning  'drawAxis' is not defined                no-undef
  337:5   warning  'frqfng2' is not defined                 no-undef
  359:9   warning  'i' is already defined                   no-redeclare
  366:5   warning  'ctx' is not defined                     no-undef
  367:5   warning  'ctx' is not defined                     no-undef
  368:5   warning  'ctx' is not defined                     no-undef
  378:13  warning  'ctx' is not defined                     no-undef
  380:13  warning  'ctx' is not defined                     no-undef
  383:5   warning  'ctx' is not defined                     no-undef
  388:9   warning  'dt' is already defined                  no-redeclare
  388:13  warning  'tstart' is already defined              no-redeclare
  388:21  warning  'tstop' is already defined               no-redeclare
  398:45  warning  'frqfng2' is not defined                 no-undef
  401:9   warning  'j' is already defined                   no-redeclare
  401:12  warning  'x0' is already defined                  no-redeclare
  401:16  warning  'y0' is already defined                  no-redeclare
  401:20  warning  'xscale' is already defined              no-redeclare
  401:28  warning  'yscale' is already defined              no-redeclare
  408:5   warning  'ctx' is not defined                     no-undef
  409:5   warning  'ctx' is not defined                     no-undef
  410:5   warning  'ctx' is not defined                     no-undef
  420:13  warning  'ctx' is not defined                     no-undef
  422:13  warning  'ctx' is not defined                     no-undef
  425:5   warning  'ctx' is not defined                     no-undef
  433:5   warning  'canvas' is not defined                  no-undef
  434:17  warning  'canvas' is not defined                  no-undef
  434:28  warning  'canvas' is not defined                  no-undef
  436:5   warning  'ctx' is not defined                     no-undef
  436:11  warning  'canvas' is not defined                  no-undef
  438:5   warning  'ctx' is not defined                     no-undef
  439:5   warning  'ctx' is not defined                     no-undef
  439:24  warning  'canvas' is not defined                  no-undef
  439:38  warning  'canvas' is not defined                  no-undef
  440:5   warning  'drawGrid' is not defined                no-undef
  440:14  warning  'ctx' is not defined                     no-undef
  441:5   warning  'drawAxis' is not defined                no-undef
  450:5   warning  'frqfng2' is not defined                 no-undef
  469:60  warning  'phslsq' is not defined                  no-undef
  473:9   warning  'i' is already defined                   no-redeclare
  480:5   warning  'ctx' is not defined                     no-undef
  481:5   warning  'ctx' is not defined                     no-undef
  482:5   warning  'ctx' is not defined                     no-undef
  492:13  warning  'ctx' is not defined                     no-undef
  494:13  warning  'ctx' is not defined                     no-undef
  497:5   warning  'ctx' is not defined                     no-undef
  502:9   warning  'dt' is already defined                  no-redeclare
  502:13  warning  'tstart' is already defined              no-redeclare
  502:21  warning  'tstop' is already defined               no-redeclare
  512:45  warning  'frqfng2' is not defined                 no-undef
  516:9   warning  'j' is already defined                   no-redeclare
  516:12  warning  'x0' is already defined                  no-redeclare
  516:16  warning  'y0' is already defined                  no-redeclare
  516:20  warning  'xscale' is already defined              no-redeclare
  516:28  warning  'yscale' is already defined              no-redeclare
  523:5   warning  'ctx' is not defined                     no-undef
  524:5   warning  'ctx' is not defined                     no-undef
  525:5   warning  'ctx' is not defined                     no-undef
  535:13  warning  'ctx' is not defined                     no-undef
  537:13  warning  'ctx' is not defined                     no-undef
  540:5   warning  'ctx' is not defined                     no-undef
  546:5   warning  'canvas' is not defined                  no-undef
  547:17  warning  'canvas' is not defined                  no-undef
  547:28  warning  'canvas' is not defined                  no-undef
  549:5   warning  'ctx' is not defined                     no-undef
  549:11  warning  'canvas' is not defined                  no-undef
  551:5   warning  'ctx' is not defined                     no-undef
  552:5   warning  'ctx' is not defined                     no-undef
  552:24  warning  'canvas' is not defined                  no-undef
  552:38  warning  'canvas' is not defined                  no-undef
  553:5   warning  'drawGrid' is not defined                no-undef
  553:14  warning  'ctx' is not defined                     no-undef
  554:5   warning  'drawAxis' is not defined                no-undef
  563:5   warning  'frqfng2' is not defined                 no-undef
  591:9   warning  'i' is already defined                   no-redeclare
  598:5   warning  'ctx' is not defined                     no-undef
  599:5   warning  'ctx' is not defined                     no-undef
  600:5   warning  'ctx' is not defined                     no-undef
  601:9   warning  'p' is already defined                   no-redeclare
  610:13  warning  'ctx' is not defined                     no-undef
  612:13  warning  'ctx' is not defined                     no-undef
  615:5   warning  'ctx' is not defined                     no-undef
  620:9   warning  'dt' is already defined                  no-redeclare
  620:13  warning  'tstart' is already defined              no-redeclare
  620:21  warning  'tstop' is already defined               no-redeclare
  630:13  warning  'p' is already defined                   no-redeclare
  631:13  warning  'z' is already defined                   no-redeclare
  636:9   warning  'j' is already defined                   no-redeclare
  636:12  warning  'x0' is already defined                  no-redeclare
  636:16  warning  'y0' is already defined                  no-redeclare
  636:20  warning  'xscale' is already defined              no-redeclare
  636:28  warning  'yscale' is already defined              no-redeclare
  643:5   warning  'ctx' is not defined                     no-undef
  644:5   warning  'ctx' is not defined                     no-undef
  645:5   warning  'ctx' is not defined                     no-undef
  655:13  warning  'ctx' is not defined                     no-undef
  657:13  warning  'ctx' is not defined                     no-undef
  660:5   warning  'ctx' is not defined                     no-undef

/home/runner/work/exp-oscilloscope-iitkgp/exp-oscilloscope-iitkgp/experiment/simulation/js/oscilloscopegroundpossibilities.js
    12:5   warning  'vmaxs' is defined but never used        no-unused-vars
    15:10  warning  'posiy1chnge' is defined but never used  no-unused-vars
    31:9   warning  'currentMode' is not defined             no-undef
    66:9   warning  'currentMode' is not defined             no-undef
    67:45  warning  'bothwvsin' is not defined               no-undef
    68:45  warning  'bothwvsq' is not defined                no-undef
    69:45  warning  'bothwvtri' is not defined               no-undef
    71:13  warning  'drawsinesquare' is not defined          no-undef
    74:13  warning  'drawsinetri' is not defined             no-undef
    77:13  warning  'drawsquaresine' is not defined          no-undef
    80:13  warning  'drawsquaretri' is not defined           no-undef
    83:13  warning  'drawtrisine' is not defined             no-undef
    86:13  warning  'drawtrisquare' is not defined           no-undef
    90:9   warning  'currentMode' is not defined             no-undef
    91:47  warning  'xywvsin' is not defined                 no-undef
    92:47  warning  'xywvsq' is not defined                  no-undef
    93:47  warning  'xywvtri' is not defined                 no-undef
   100:10  warning  'posiy2chnge' is defined but never used  no-unused-vars
   115:9   warning  'currentMode' is not defined             no-undef
   139:13  warning  'grndwvsin' is not defined               no-undef
   142:13  warning  'grndwvsq' is not defined                no-undef
   145:13  warning  'grndwvtri' is not defined               no-undef
   149:9   warning  'currentMode' is not defined             no-undef
   150:45  warning  'bothwvsin' is not defined               no-undef
   151:45  warning  'bothwvsq' is not defined                no-undef
   152:45  warning  'bothwvtri' is not defined               no-undef
   154:13  warning  'drawsinesquare' is not defined          no-undef
   157:13  warning  'drawsinetri' is not defined             no-undef
   160:13  warning  'drawsquaresine' is not defined          no-undef
   163:13  warning  'drawsquaretri' is not defined           no-undef
   166:13  warning  'drawtrisine' is not defined             no-undef
   169:13  warning  'drawtrisquare' is not defined           no-undef
   173:9   warning  'currentMode' is not defined             no-undef
   174:47  warning  'xywvsin' is not defined                 no-undef
   175:47  warning  'xywvsq' is not defined                  no-undef
   176:47  warning  'xywvtri' is not defined                 no-undef
   183:10  warning  'posix2chnge' is defined but never used  no-unused-vars
   206:9   warning  'currentMode' is not defined             no-undef
   230:13  warning  'grndwvsin' is not defined               no-undef
   233:13  warning  'grndwvsq' is not defined                no-undef
   236:13  warning  'grndwvtri' is not defined               no-undef
   240:9   warning  'currentMode' is not defined             no-undef
   241:45  warning  'bothwvsin' is not defined               no-undef
   242:45  warning  'bothwvsq' is not defined                no-undef
   243:45  warning  'bothwvtri' is not defined               no-undef
   245:13  warning  'drawsinesquare' is not defined          no-undef
   248:13  warning  'drawsinetri' is not defined             no-undef
   251:13  warning  'drawsquaresine' is not defined          no-undef
   254:13  warning  'drawsquaretri' is not defined           no-undef
   257:13  warning  'drawtrisine' is not defined             no-undef
   260:13  warning  'drawtrisquare' is not defined           no-undef
   264:9   warning  'currentMode' is not defined             no-undef
   265:47  warning  'xywvsin' is not defined                 no-undef
   266:47  warning  'xywvsq' is not defined                  no-undef
   267:47  warning  'xywvtri' is not defined                 no-undef
   272:10  warning  'ampfng1' is defined but never used      no-unused-vars
   275:9   warning  'drawsine1' is not defined               no-undef
   278:9   warning  'drawsquarewv1' is not defined           no-undef
   281:9   warning  'drawtraingwv1' is not defined           no-undef
   288:9   warning  'currentMode' is not defined             no-undef
   313:9   warning  'currentMode' is not defined             no-undef
   314:45  warning  'bothwvsin' is not defined               no-undef
   315:45  warning  'bothwvsq' is not defined                no-undef
   316:45  warning  'bothwvtri' is not defined               no-undef
   318:13  warning  'drawsinesquare' is not defined          no-undef
   321:13  warning  'drawsinetri' is not defined             no-undef
   324:13  warning  'drawsquaresine' is not defined          no-undef
   327:13  warning  'drawsquaretri' is not defined           no-undef
   330:13  warning  'drawtrisine' is not defined             no-undef
   333:13  warning  'drawtrisquare' is not defined           no-undef
   337:9   warning  'currentMode' is not defined             no-undef
   338:47  warning  'xywvsin' is not defined                 no-undef
   339:47  warning  'xywvsq' is not defined                  no-undef
   340:47  warning  'xywvtri' is not defined                 no-undef
   346:10  warning  'freqfng1' is defined but never used     no-unused-vars
   349:9   warning  'drawsine1' is not defined               no-undef
   352:9   warning  'drawsquarewv1' is not defined           no-undef
   355:9   warning  'drawtraingwv1' is not defined           no-undef
   360:9   warning  'currentMode' is not defined             no-undef
   385:9   warning  'currentMode' is not defined             no-undef
   386:45  warning  'bothwvsin' is not defined               no-undef
   387:45  warning  'bothwvsq' is not defined                no-undef
   388:45  warning  'bothwvtri' is not defined               no-undef
   390:13  warning  'drawsinesquare' is not defined          no-undef
   393:13  warning  'drawsinetri' is not defined             no-undef
   396:13  warning  'drawsquaresine' is not defined          no-undef
   399:13  warning  'drawsquaretri' is not defined           no-undef
   402:13  warning  'drawtrisine' is not defined             no-undef
   405:13  warning  'drawtrisquare' is not defined           no-undef
   410:9   warning  'currentMode' is not defined             no-undef
   411:47  warning  'xywvsin' is not defined                 no-undef
   412:47  warning  'xywvsq' is not defined                  no-undef
   413:47  warning  'xywvtri' is not defined                 no-undef
   420:10  warning  'ampfng2' is defined but never used      no-unused-vars
   424:9   warning  'drawsine2' is not defined               no-undef
   427:9   warning  'drawsquarewv2' is not defined           no-undef
   430:9   warning  'drawtraingwv2' is not defined           no-undef
   434:9   warning  'currentMode' is not defined             no-undef
   459:9   warning  'currentMode' is not defined             no-undef
   460:45  warning  'bothwvsin' is not defined               no-undef
   461:45  warning  'bothwvsq' is not defined                no-undef
   462:45  warning  'bothwvtri' is not defined               no-undef
   464:13  warning  'drawsinesquare' is not defined          no-undef
   467:13  warning  'drawsinetri' is not defined             no-undef
   470:13  warning  'drawsquaresine' is not defined          no-undef
   473:13  warning  'drawsquaretri' is not defined           no-undef
   476:13  warning  'drawtrisine' is not defined             no-undef
   479:13  warning  'drawtrisquare' is not defined           no-undef
   484:9   warning  'currentMode' is not defined             no-undef
   485:47  warning  'xywvsin' is not defined                 no-undef
   486:47  warning  'xywvsq' is not defined                  no-undef
   487:47  warning  'xywvtri' is not defined                 no-undef
   494:10  warning  'freqfng2' is defined but never used     no-unused-vars
   498:9   warning  'drawsine2' is not defined               no-undef
   501:9   warning  'drawsquarewv2' is not defined           no-undef
   504:9   warning  'drawtraingwv2' is not defined           no-undef
   509:9   warning  'currentMode' is not defined             no-undef
   533:9   warning  'currentMode' is not defined             no-undef
   534:45  warning  'bothwvsin' is not defined               no-undef
   535:45  warning  'bothwvsq' is not defined                no-undef
   536:45  warning  'bothwvtri' is not defined               no-undef
   538:13  warning  'drawsinesquare' is not defined          no-undef
   541:13  warning  'drawsinetri' is not defined             no-undef
   544:13  warning  'drawsquaresine' is not defined          no-undef
   547:13  warning  'drawsquaretri' is not defined           no-undef
   550:13  warning  'drawtrisine' is not defined             no-undef
   553:13  warning  'drawtrisquare' is not defined           no-undef
   557:9   warning  'currentMode' is not defined             no-undef
   558:47  warning  'xywvsin' is not defined                 no-undef
   559:47  warning  'xywvsq' is not defined                  no-undef
   560:47  warning  'xywvtri' is not defined                 no-undef
   567:5   warning  'canvas' is not defined                  no-undef
   568:17  warning  'canvas' is not defined                  no-undef
   568:28  warning  'canvas' is not defined                  no-undef
   570:5   warning  'ctx' is not defined                     no-undef
   570:11  warning  'canvas' is not defined                  no-undef
   572:5   warning  'ctx' is not defined                     no-undef
   573:5   warning  'ctx' is not defined                     no-undef
   573:24  warning  'canvas' is not defined                  no-undef
   573:38  warning  'canvas' is not defined                  no-undef
   574:5   warning  'drawGrid' is not defined                no-undef
   574:14  warning  'ctx' is not defined                     no-undef
   575:5   warning  'drawAxis' is not defined                no-undef
   607:9   warning  'i' is already defined                   no-redeclare
   614:5   warning  'ctx' is not defined                     no-undef
   615:5   warning  'ctx' is not defined                     no-undef
   616:5   warning  'ctx' is not defined                     no-undef
   626:13  warning  'ctx' is not defined                     no-undef
   628:13  warning  'ctx' is not defined                     no-undef
   631:5   warning  'ctx' is not defined                     no-undef
   635:9   warning  'dt' is already defined                  no-redeclare
   635:13  warning  'tstart' is already defined              no-redeclare
   635:21  warning  'tstop' is already defined               no-redeclare
   649:9   warning  'j' is already defined                   no-redeclare
   649:12  warning  'x0' is already defined                  no-redeclare
   649:16  warning  'y0' is already defined                  no-redeclare
   649:20  warning  'xscale' is already defined              no-redeclare
   649:28  warning  'yscale' is already defined              no-redeclare
   656:5   warning  'ctx' is not defined                     no-undef
   657:5   warning  'ctx' is not defined                     no-undef
   658:5   warning  'ctx' is not defined                     no-undef
   668:13  warning  'ctx' is not defined                     no-undef
   670:13  warning  'ctx' is not defined                     no-undef
   673:5   warning  'ctx' is not defined                     no-undef
   679:5   warning  'canvas' is not defined                  no-undef
   680:17  warning  'canvas' is not defined                  no-undef
   680:28  warning  'canvas' is not defined                  no-undef
   682:5   warning  'ctx' is not defined                     no-undef
   682:11  warning  'canvas' is not defined                  no-undef
   684:5   warning  'ctx' is not defined                     no-undef
   685:5   warning  'ctx' is not defined                     no-undef
   685:24  warning  'canvas' is not defined                  no-undef
   685:38  warning  'canvas' is not defined                  no-undef
   686:5   warning  'drawGrid' is not defined                no-undef
   686:14  warning  'ctx' is not defined                     no-undef
   687:5   warning  'drawAxis' is not defined                no-undef
   720:9   warning  'i' is already defined                   no-redeclare
   727:5   warning  'ctx' is not defined                     no-undef
   728:5   warning  'ctx' is not defined                     no-undef
   729:5   warning  'ctx' is not defined                     no-undef
   739:13  warning  'ctx' is not defined                     no-undef
   741:13  warning  'ctx' is not defined                     no-undef
   744:5   warning  'ctx' is not defined                     no-undef
   747:9   warning  'dt' is already defined                  no-redeclare
   747:13  warning  'tstart' is already defined              no-redeclare
   747:21  warning  'tstop' is already defined               no-redeclare
   757:13  warning  'p' is already defined                   no-redeclare
   757:30  warning  'frqfng' is not defined                  no-undef
   763:9   warning  'j' is already defined                   no-redeclare
   763:12  warning  'x0' is already defined                  no-redeclare
   763:16  warning  'y0' is already defined                  no-redeclare
   763:20  warning  'xscale' is already defined              no-redeclare
   763:28  warning  'yscale' is already defined              no-redeclare
   770:5   warning  'ctx' is not defined                     no-undef
   771:5   warning  'ctx' is not defined                     no-undef
   772:5   warning  'ctx' is not defined                     no-undef
   782:13  warning  'ctx' is not defined                     no-undef
   784:13  warning  'ctx' is not defined                     no-undef
   787:5   warning  'ctx' is not defined                     no-undef
   793:5   warning  'canvas' is not defined                  no-undef
   794:17  warning  'canvas' is not defined                  no-undef
   794:28  warning  'canvas' is not defined                  no-undef
   796:5   warning  'ctx' is not defined                     no-undef
   796:11  warning  'canvas' is not defined                  no-undef
   798:5   warning  'ctx' is not defined                     no-undef
   799:5   warning  'ctx' is not defined                     no-undef
   799:24  warning  'canvas' is not defined                  no-undef
   799:38  warning  'canvas' is not defined                  no-undef
   800:5   warning  'drawGrid' is not defined                no-undef
   800:14  warning  'ctx' is not defined                     no-undef
   801:5   warning  'drawAxis' is not defined                no-undef
   828:44  warning  'frqfng' is not defined                  no-undef
   828:60  warning  'phslsq' is not defined                  no-undef
   832:9   warning  'i' is already defined                   no-redeclare
   839:5   warning  'ctx' is not defined                     no-undef
   840:5   warning  'ctx' is not defined                     no-undef
   841:5   warning  'ctx' is not defined                     no-undef
   851:13  warning  'ctx' is not defined                     no-undef
   853:13  warning  'ctx' is not defined                     no-undef
   856:5   warning  'ctx' is not defined                     no-undef
   860:9   warning  'dt' is already defined                  no-redeclare
   860:13  warning  'tstart' is already defined              no-redeclare
   860:21  warning  'tstop' is already defined               no-redeclare
   873:9   warning  'j' is already defined                   no-redeclare
   873:12  warning  'x0' is already defined                  no-redeclare
   873:16  warning  'y0' is already defined                  no-redeclare
   873:20  warning  'xscale' is already defined              no-redeclare
   873:28  warning  'yscale' is already defined              no-redeclare
   880:5   warning  'ctx' is not defined                     no-undef
   881:5   warning  'ctx' is not defined                     no-undef
   882:5   warning  'ctx' is not defined                     no-undef
   892:13  warning  'ctx' is not defined                     no-undef
   894:13  warning  'ctx' is not defined                     no-undef
   897:5   warning  'ctx' is not defined                     no-undef
   903:5   warning  'canvas' is not defined                  no-undef
   904:17  warning  'canvas' is not defined                  no-undef
   904:28  warning  'canvas' is not defined                  no-undef
   906:5   warning  'ctx' is not defined                     no-undef
   906:11  warning  'canvas' is not defined                  no-undef
   908:5   warning  'ctx' is not defined                     no-undef
   909:5   warning  'ctx' is not defined                     no-undef
   909:24  warning  'canvas' is not defined                  no-undef
   909:38  warning  'canvas' is not defined                  no-undef
   910:5   warning  'drawGrid' is not defined                no-undef
   910:14  warning  'ctx' is not defined                     no-undef
   911:5   warning  'drawAxis' is not defined                no-undef
   941:44  warning  'frqfng' is not defined                  no-undef
   941:60  warning  'phslsq' is not defined                  no-undef
   945:9   warning  'i' is already defined                   no-redeclare
   952:5   warning  'ctx' is not defined                     no-undef
   953:5   warning  'ctx' is not defined                     no-undef
   954:5   warning  'ctx' is not defined                     no-undef
   964:13  warning  'ctx' is not defined                     no-undef
   966:13  warning  'ctx' is not defined                     no-undef
   969:5   warning  'ctx' is not defined                     no-undef
   974:9   warning  'dt' is already defined                  no-redeclare
   974:13  warning  'tstart' is already defined              no-redeclare
   974:21  warning  'tstop' is already defined               no-redeclare
   984:13  warning  'p' is already defined                   no-redeclare
   984:30  warning  'frqfng' is not defined                  no-undef
   990:9   warning  'j' is already defined                   no-redeclare
   990:12  warning  'x0' is already defined                  no-redeclare
   990:16  warning  'y0' is already defined                  no-redeclare
   990:20  warning  'xscale' is already defined              no-redeclare
   990:28  warning  'yscale' is already defined              no-redeclare
   997:5   warning  'ctx' is not defined                     no-undef
   998:5   warning  'ctx' is not defined                     no-undef
   999:5   warning  'ctx' is not defined                     no-undef
  1009:13  warning  'ctx' is not defined                     no-undef
  1011:13  warning  'ctx' is not defined                     no-undef
  1014:5   warning  'ctx' is not defined                     no-undef
  1018:5   warning  'canvas' is not defined                  no-undef
  1019:17  warning  'canvas' is not defined                  no-undef
  1019:28  warning  'canvas' is not defined                  no-undef
  1021:5   warning  'ctx' is not defined                     no-undef
  1021:11  warning  'canvas' is not defined                  no-undef
  1023:5   warning  'ctx' is not defined                     no-undef
  1024:5   warning  'ctx' is not defined                     no-undef
  1024:24  warning  'canvas' is not defined                  no-undef
  1024:38  warning  'canvas' is not defined                  no-undef
  1025:5   warning  'drawGrid' is not defined                no-undef
  1025:14  warning  'ctx' is not defined                     no-undef
  1026:5   warning  'drawAxis' is not defined                no-undef
  1056:30  warning  'frqfng' is not defined                  no-undef
  1062:9   warning  'i' is already defined                   no-redeclare
  1069:5   warning  'ctx' is not defined                     no-undef
  1070:5   warning  'ctx' is not defined                     no-undef
  1071:5   warning  'ctx' is not defined                     no-undef
  1072:9   warning  'p' is already defined                   no-redeclare
  1081:13  warning  'ctx' is not defined                     no-undef
  1083:13  warning  'ctx' is not defined                     no-undef
  1086:5   warning  'ctx' is not defined                     no-undef
  1088:27  warning  'y1' is already defined                  no-redeclare
  1089:9   warning  'dt' is already defined                  no-redeclare
  1089:13  warning  'tstart' is already defined              no-redeclare
  1089:21  warning  'tstop' is already defined               no-redeclare
  1102:9   warning  'j' is already defined                   no-redeclare
  1102:12  warning  'x0' is already defined                  no-redeclare
  1102:16  warning  'y0' is already defined                  no-redeclare
  1102:20  warning  'xscale' is already defined              no-redeclare
  1102:28  warning  'yscale' is already defined              no-redeclare
  1109:5   warning  'ctx' is not defined                     no-undef
  1110:5   warning  'ctx' is not defined                     no-undef
  1111:5   warning  'ctx' is not defined                     no-undef
  1121:13  warning  'ctx' is not defined                     no-undef
  1123:13  warning  'ctx' is not defined                     no-undef
  1126:5   warning  'ctx' is not defined                     no-undef
  1134:5   warning  'canvas' is not defined                  no-undef
  1135:17  warning  'canvas' is not defined                  no-undef
  1135:28  warning  'canvas' is not defined                  no-undef
  1137:5   warning  'ctx' is not defined                     no-undef
  1137:11  warning  'canvas' is not defined                  no-undef
  1139:5   warning  'ctx' is not defined                     no-undef
  1140:5   warning  'ctx' is not defined                     no-undef
  1140:24  warning  'canvas' is not defined                  no-undef
  1140:38  warning  'canvas' is not defined                  no-undef
  1141:5   warning  'drawGrid' is not defined                no-undef
  1141:14  warning  'ctx' is not defined                     no-undef
  1142:5   warning  'drawAxis' is not defined                no-undef
  1171:30  warning  'frqfng' is not defined                  no-undef
  1177:9   warning  'i' is already defined                   no-redeclare
  1184:5   warning  'ctx' is not defined                     no-undef
  1185:5   warning  'ctx' is not defined                     no-undef
  1186:5   warning  'ctx' is not defined                     no-undef
  1187:9   warning  'p' is already defined                   no-redeclare
  1196:13  warning  'ctx' is not defined                     no-undef
  1198:13  warning  'ctx' is not defined                     no-undef
  1201:5   warning  'ctx' is not defined                     no-undef
  1202:27  warning  'y1' is already defined                  no-redeclare
  1203:9   warning  'dt' is already defined                  no-redeclare
  1203:13  warning  'tstart' is already defined              no-redeclare
  1203:21  warning  'tstop' is already defined               no-redeclare
  1217:9   warning  'j' is already defined                   no-redeclare
  1217:12  warning  'x0' is already defined                  no-redeclare
  1217:16  warning  'y0' is already defined                  no-redeclare
  1217:20  warning  'xscale' is already defined              no-redeclare
  1217:28  warning  'yscale' is already defined              no-redeclare
  1224:5   warning  'ctx' is not defined                     no-undef
  1225:5   warning  'ctx' is not defined                     no-undef
  1226:5   warning  'ctx' is not defined                     no-undef
  1236:13  warning  'ctx' is not defined                     no-undef
  1238:13  warning  'ctx' is not defined                     no-undef
  1241:5   warning  'ctx' is not defined                     no-undef

/home/runner/work/exp-oscilloscope-iitkgp/exp-oscilloscope-iitkgp/experiment/simulation/js/oscilloscopepossibilities.js
    13:5   warning  'vmaxs' is defined but never used            no-unused-vars
    16:10  warning  'posiy1chnge' is defined but never used      no-unused-vars
    19:9   warning  'drawsine1' is not defined                   no-undef
    22:9   warning  'drawsquarewv1' is not defined               no-undef
    25:9   warning  'drawtraingwv1' is not defined               no-undef
    30:9   warning  'currentMode' is not defined                 no-undef
    32:13  warning  'grndwvsinsq' is not defined                 no-undef
    35:13  warning  'grndwvsinetri' is not defined               no-undef
    38:13  warning  'grndwvsqsine' is not defined                no-undef
    42:13  warning  'grndwvsqtri' is not defined                 no-undef
    46:13  warning  'grndwvtrisine' is not defined               no-undef
    50:13  warning  'grndwvtrisq' is not defined                 no-undef
    54:13  warning  'grndwvsin' is not defined                   no-undef
    57:13  warning  'grndwvsq' is not defined                    no-undef
    60:13  warning  'grndwvtri' is not defined                   no-undef
    65:9   warning  'currentMode' is not defined                 no-undef
    66:45  warning  'bothwvsin' is not defined                   no-undef
    67:45  warning  'bothwvsq' is not defined                    no-undef
    68:45  warning  'bothwvtri' is not defined                   no-undef
    89:9   warning  'currentMode' is not defined                 no-undef
    90:47  warning  'xywvsin' is not defined                     no-undef
    91:47  warning  'xywvsq' is not defined                      no-undef
    92:47  warning  'xywvtri' is not defined                     no-undef
    99:10  warning  'posiy2chnge' is defined but never used      no-unused-vars
   104:9   warning  'drawsine2' is not defined                   no-undef
   107:9   warning  'drawsquarewv2' is not defined               no-undef
   110:9   warning  'drawtraingwv2' is not defined               no-undef
   113:9   warning  'currentMode' is not defined                 no-undef
   114:45  warning  'bothwvsin' is not defined                   no-undef
   115:45  warning  'bothwvsq' is not defined                    no-undef
   116:45  warning  'bothwvtri' is not defined                   no-undef
   137:9   warning  'currentMode' is not defined                 no-undef
   138:47  warning  'xywvsin' is not defined                     no-undef
   139:47  warning  'xywvsq' is not defined                      no-undef
   140:47  warning  'xywvtri' is not defined                     no-undef
   142:9   warning  'currentMode' is not defined                 no-undef
   144:13  warning  'grndwvsinsq' is not defined                 no-undef
   147:13  warning  'grndwvsinetri' is not defined               no-undef
   150:13  warning  'grndwvsqsine' is not defined                no-undef
   154:13  warning  'grndwvsqtri' is not defined                 no-undef
   158:13  warning  'grndwvtrisine' is not defined               no-undef
   162:13  warning  'grndwvtrisq' is not defined                 no-undef
   166:13  warning  'grndwvsin' is not defined                   no-undef
   169:13  warning  'grndwvsq' is not defined                    no-undef
   172:13  warning  'grndwvtri' is not defined                   no-undef
   187:10  warning  'posix2chnge' is defined but never used      no-unused-vars
   190:9   warning  'drawsine1' is not defined                   no-undef
   193:9   warning  'drawsquarewv1' is not defined               no-undef
   196:9   warning  'drawtraingwv1' is not defined               no-undef
   199:9   warning  'drawsine2' is not defined                   no-undef
   202:9   warning  'drawsquarewv2' is not defined               no-undef
   205:9   warning  'drawtraingwv2' is not defined               no-undef
   208:9   warning  'currentMode' is not defined                 no-undef
   209:45  warning  'bothwvsin' is not defined                   no-undef
   210:45  warning  'bothwvsq' is not defined                    no-undef
   211:45  warning  'bothwvtri' is not defined                   no-undef
   232:9   warning  'currentMode' is not defined                 no-undef
   233:47  warning  'xywvsin' is not defined                     no-undef
   234:47  warning  'xywvsq' is not defined                      no-undef
   235:47  warning  'xywvtri' is not defined                     no-undef
   246:9   warning  'currentMode' is not defined                 no-undef
   248:13  warning  'grndwvsinsq' is not defined                 no-undef
   251:13  warning  'grndwvsinetri' is not defined               no-undef
   254:13  warning  'grndwvsqsine' is not defined                no-undef
   258:13  warning  'grndwvsqtri' is not defined                 no-undef
   262:13  warning  'grndwvtrisine' is not defined               no-undef
   266:13  warning  'grndwvtrisq' is not defined                 no-undef
   270:13  warning  'grndwvsin' is not defined                   no-undef
   273:13  warning  'grndwvsq' is not defined                    no-undef
   276:13  warning  'grndwvtri' is not defined                   no-undef
   284:10  warning  'ampfng1' is defined but never used          no-unused-vars
   288:9   warning  'drawsine1' is not defined                   no-undef
   291:9   warning  'drawsquarewv1' is not defined               no-undef
   294:9   warning  'drawtraingwv1' is not defined               no-undef
   298:9   warning  'currentMode' is not defined                 no-undef
   299:45  warning  'bothwvsin' is not defined                   no-undef
   300:45  warning  'bothwvsq' is not defined                    no-undef
   301:45  warning  'bothwvtri' is not defined                   no-undef
   322:9   warning  'currentMode' is not defined                 no-undef
   323:47  warning  'xywvsin' is not defined                     no-undef
   324:47  warning  'xywvsq' is not defined                      no-undef
   325:47  warning  'xywvtri' is not defined                     no-undef
   327:9   warning  'currentMode' is not defined                 no-undef
   329:13  warning  'grndwvsinsq' is not defined                 no-undef
   332:13  warning  'grndwvsinetri' is not defined               no-undef
   335:13  warning  'grndwvsqsine' is not defined                no-undef
   339:13  warning  'grndwvsqtri' is not defined                 no-undef
   343:13  warning  'grndwvtrisine' is not defined               no-undef
   347:13  warning  'grndwvtrisq' is not defined                 no-undef
   354:10  warning  'freqfng1' is defined but never used         no-unused-vars
   357:9   warning  'drawsine1' is not defined                   no-undef
   360:9   warning  'drawsquarewv1' is not defined               no-undef
   363:9   warning  'drawtraingwv1' is not defined               no-undef
   367:9   warning  'currentMode' is not defined                 no-undef
   368:45  warning  'bothwvsin' is not defined                   no-undef
   369:45  warning  'bothwvsq' is not defined                    no-undef
   370:45  warning  'bothwvtri' is not defined                   no-undef
   391:9   warning  'currentMode' is not defined                 no-undef
   392:47  warning  'xywvsin' is not defined                     no-undef
   393:47  warning  'xywvsq' is not defined                      no-undef
   394:47  warning  'xywvtri' is not defined                     no-undef
   396:9   warning  'currentMode' is not defined                 no-undef
   398:13  warning  'grndwvsinsq' is not defined                 no-undef
   401:13  warning  'grndwvsinetri' is not defined               no-undef
   404:13  warning  'grndwvsqsine' is not defined                no-undef
   408:13  warning  'grndwvsqtri' is not defined                 no-undef
   412:13  warning  'grndwvtrisine' is not defined               no-undef
   416:13  warning  'grndwvtrisq' is not defined                 no-undef
   424:10  warning  'ampfng2' is defined but never used          no-unused-vars
   428:9   warning  'drawsine2' is not defined                   no-undef
   431:9   warning  'drawsquarewv2' is not defined               no-undef
   434:9   warning  'drawtraingwv2' is not defined               no-undef
   438:9   warning  'currentMode' is not defined                 no-undef
   439:45  warning  'bothwvsin' is not defined                   no-undef
   440:45  warning  'bothwvsq' is not defined                    no-undef
   441:45  warning  'bothwvtri' is not defined                   no-undef
   462:9   warning  'currentMode' is not defined                 no-undef
   463:47  warning  'xywvsin' is not defined                     no-undef
   464:47  warning  'xywvsq' is not defined                      no-undef
   465:47  warning  'xywvtri' is not defined                     no-undef
   467:9   warning  'currentMode' is not defined                 no-undef
   469:13  warning  'grndwvsinsq' is not defined                 no-undef
   472:13  warning  'grndwvsinetri' is not defined               no-undef
   475:13  warning  'grndwvsqsine' is not defined                no-undef
   479:13  warning  'grndwvsqtri' is not defined                 no-undef
   483:13  warning  'grndwvtrisine' is not defined               no-undef
   487:13  warning  'grndwvtrisq' is not defined                 no-undef
   493:10  warning  'freqfng2' is defined but never used         no-unused-vars
   496:9   warning  'drawsine2' is not defined                   no-undef
   499:9   warning  'drawsquarewv2' is not defined               no-undef
   502:9   warning  'drawtraingwv2' is not defined               no-undef
   506:9   warning  'currentMode' is not defined                 no-undef
   507:45  warning  'bothwvsin' is not defined                   no-undef
   508:45  warning  'bothwvsq' is not defined                    no-undef
   509:45  warning  'bothwvtri' is not defined                   no-undef
   530:9   warning  'currentMode' is not defined                 no-undef
   531:47  warning  'xywvsin' is not defined                     no-undef
   532:47  warning  'xywvsq' is not defined                      no-undef
   533:47  warning  'xywvtri' is not defined                     no-undef
   535:9   warning  'currentMode' is not defined                 no-undef
   537:13  warning  'grndwvsinsq' is not defined                 no-undef
   540:13  warning  'grndwvsinetri' is not defined               no-undef
   543:13  warning  'grndwvsqsine' is not defined                no-undef
   547:13  warning  'grndwvsqtri' is not defined                 no-undef
   551:13  warning  'grndwvtrisine' is not defined               no-undef
   555:13  warning  'grndwvtrisq' is not defined                 no-undef
   564:5   warning  'canvas' is not defined                      no-undef
   565:17  warning  'canvas' is not defined                      no-undef
   565:28  warning  'canvas' is not defined                      no-undef
   567:5   warning  'ctx' is not defined                         no-undef
   567:11  warning  'canvas' is not defined                      no-undef
   569:5   warning  'ctx' is not defined                         no-undef
   570:5   warning  'ctx' is not defined                         no-undef
   570:24  warning  'canvas' is not defined                      no-undef
   570:38  warning  'canvas' is not defined                      no-undef
   571:5   warning  'drawGrid' is not defined                    no-undef
   571:14  warning  'ctx' is not defined                         no-undef
   572:5   warning  'drawAxis' is not defined                    no-undef
   578:58  warning  Unnecessary semicolon                        no-extra-semi
   603:9   warning  'i' is already defined                       no-redeclare
   610:5   warning  'ctx' is not defined                         no-undef
   611:5   warning  'ctx' is not defined                         no-undef
   612:5   warning  'ctx' is not defined                         no-undef
   622:13  warning  'ctx' is not defined                         no-undef
   624:13  warning  'ctx' is not defined                         no-undef
   627:5   warning  'ctx' is not defined                         no-undef
   631:9   warning  'dt' is already defined                      no-redeclare
   631:13  warning  'tstart' is already defined                  no-redeclare
   631:21  warning  'tstop' is already defined                   no-redeclare
   645:9   warning  'j' is already defined                       no-redeclare
   645:12  warning  'x0' is already defined                      no-redeclare
   645:16  warning  'y0' is already defined                      no-redeclare
   645:20  warning  'xscale' is already defined                  no-redeclare
   645:28  warning  'yscale' is already defined                  no-redeclare
   652:5   warning  'ctx' is not defined                         no-undef
   653:5   warning  'ctx' is not defined                         no-undef
   654:5   warning  'ctx' is not defined                         no-undef
   664:13  warning  'ctx' is not defined                         no-undef
   666:13  warning  'ctx' is not defined                         no-undef
   669:5   warning  'ctx' is not defined                         no-undef
   676:5   warning  'canvas' is not defined                      no-undef
   677:17  warning  'canvas' is not defined                      no-undef
   677:28  warning  'canvas' is not defined                      no-undef
   679:5   warning  'ctx' is not defined                         no-undef
   679:11  warning  'canvas' is not defined                      no-undef
   681:5   warning  'ctx' is not defined                         no-undef
   682:5   warning  'ctx' is not defined                         no-undef
   682:24  warning  'canvas' is not defined                      no-undef
   682:38  warning  'canvas' is not defined                      no-undef
   683:5   warning  'drawGrid' is not defined                    no-undef
   683:14  warning  'ctx' is not defined                         no-undef
   684:5   warning  'drawAxis' is not defined                    no-undef
   690:58  warning  Unnecessary semicolon                        no-extra-semi
   719:9   warning  'i' is already defined                       no-redeclare
   726:5   warning  'ctx' is not defined                         no-undef
   727:5   warning  'ctx' is not defined                         no-undef
   728:5   warning  'ctx' is not defined                         no-undef
   738:13  warning  'ctx' is not defined                         no-undef
   740:13  warning  'ctx' is not defined                         no-undef
   743:5   warning  'ctx' is not defined                         no-undef
   748:9   warning  'dt' is already defined                      no-redeclare
   748:13  warning  'tstart' is already defined                  no-redeclare
   748:21  warning  'tstop' is already defined                   no-redeclare
   758:13  warning  'p' is already defined                       no-redeclare
   764:9   warning  'j' is already defined                       no-redeclare
   764:12  warning  'x0' is already defined                      no-redeclare
   764:16  warning  'y0' is already defined                      no-redeclare
   764:20  warning  'xscale' is already defined                  no-redeclare
   764:28  warning  'yscale' is already defined                  no-redeclare
   771:5   warning  'ctx' is not defined                         no-undef
   772:5   warning  'ctx' is not defined                         no-undef
   773:5   warning  'ctx' is not defined                         no-undef
   783:13  warning  'ctx' is not defined                         no-undef
   785:13  warning  'ctx' is not defined                         no-undef
   788:5   warning  'ctx' is not defined                         no-undef
   797:5   warning  'canvas' is not defined                      no-undef
   798:17  warning  'canvas' is not defined                      no-undef
   798:28  warning  'canvas' is not defined                      no-undef
   800:5   warning  'ctx' is not defined                         no-undef
   800:11  warning  'canvas' is not defined                      no-undef
   802:5   warning  'ctx' is not defined                         no-undef
   803:5   warning  'ctx' is not defined                         no-undef
   803:24  warning  'canvas' is not defined                      no-undef
   803:38  warning  'canvas' is not defined                      no-undef
   804:5   warning  'drawGrid' is not defined                    no-undef
   804:14  warning  'ctx' is not defined                         no-undef
   805:5   warning  'drawAxis' is not defined                    no-undef
   811:58  warning  Unnecessary semicolon                        no-extra-semi
   839:9   warning  'i' is already defined                       no-redeclare
   846:5   warning  'ctx' is not defined                         no-undef
   847:5   warning  'ctx' is not defined                         no-undef
   848:5   warning  'ctx' is not defined                         no-undef
   858:13  warning  'ctx' is not defined                         no-undef
   860:13  warning  'ctx' is not defined                         no-undef
   863:5   warning  'ctx' is not defined                         no-undef
   872:5   warning  'tstop1' is assigned a value but never used  no-unused-vars
   881:9   warning  'j' is already defined                       no-redeclare
   881:12  warning  'x0' is already defined                      no-redeclare
   881:16  warning  'y0' is already defined                      no-redeclare
   881:20  warning  'xscale' is already defined                  no-redeclare
   881:28  warning  'yscale' is already defined                  no-redeclare
   888:5   warning  'ctx' is not defined                         no-undef
   889:5   warning  'ctx' is not defined                         no-undef
   890:5   warning  'ctx' is not defined                         no-undef
   900:13  warning  'ctx' is not defined                         no-undef
   902:13  warning  'ctx' is not defined                         no-undef
   905:5   warning  'ctx' is not defined                         no-undef
   913:5   warning  'canvas' is not defined                      no-undef
   914:17  warning  'canvas' is not defined                      no-undef
   914:28  warning  'canvas' is not defined                      no-undef
   916:5   warning  'ctx' is not defined                         no-undef
   916:11  warning  'canvas' is not defined                      no-undef
   918:5   warning  'ctx' is not defined                         no-undef
   919:5   warning  'ctx' is not defined                         no-undef
   919:24  warning  'canvas' is not defined                      no-undef
   919:38  warning  'canvas' is not defined                      no-undef
   920:5   warning  'drawGrid' is not defined                    no-undef
   920:14  warning  'ctx' is not defined                         no-undef
   921:5   warning  'drawAxis' is not defined                    no-undef
   927:58  warning  Unnecessary semicolon                        no-extra-semi
   957:9   warning  'i' is already defined                       no-redeclare
   964:5   warning  'ctx' is not defined                         no-undef
   965:5   warning  'ctx' is not defined                         no-undef
   966:5   warning  'ctx' is not defined                         no-undef
   976:13  warning  'ctx' is not defined                         no-undef
   978:13  warning  'ctx' is not defined                         no-undef
   981:5   warning  'ctx' is not defined                         no-undef
   987:9   warning  'dt' is already defined                      no-redeclare
   987:13  warning  'tstart' is already defined                  no-redeclare
   987:21  warning  'tstop' is already defined                   no-redeclare
   997:13  warning  'p' is already defined                       no-redeclare
  1003:9   warning  'j' is already defined                       no-redeclare
  1003:12  warning  'x0' is already defined                      no-redeclare
  1003:16  warning  'y0' is already defined                      no-redeclare
  1003:20  warning  'xscale' is already defined                  no-redeclare
  1003:28  warning  'yscale' is already defined                  no-redeclare
  1010:5   warning  'ctx' is not defined                         no-undef
  1011:5   warning  'ctx' is not defined                         no-undef
  1012:5   warning  'ctx' is not defined                         no-undef
  1022:13  warning  'ctx' is not defined                         no-undef
  1024:13  warning  'ctx' is not defined                         no-undef
  1027:5   warning  'ctx' is not defined                         no-undef
  1035:5   warning  'canvas' is not defined                      no-undef
  1036:17  warning  'canvas' is not defined                      no-undef
  1036:28  warning  'canvas' is not defined                      no-undef
  1038:5   warning  'ctx' is not defined                         no-undef
  1038:11  warning  'canvas' is not defined                      no-undef
  1040:5   warning  'ctx' is not defined                         no-undef
  1041:5   warning  'ctx' is not defined                         no-undef
  1041:24  warning  'canvas' is not defined                      no-undef
  1041:38  warning  'canvas' is not defined                      no-undef
  1042:5   warning  'drawGrid' is not defined                    no-undef
  1042:14  warning  'ctx' is not defined                         no-undef
  1043:5   warning  'drawAxis' is not defined                    no-undef
  1049:58  warning  Unnecessary semicolon                        no-extra-semi
  1080:9   warning  'i' is already defined                       no-redeclare
  1087:5   warning  'ctx' is not defined                         no-undef
  1088:5   warning  'ctx' is not defined                         no-undef
  1089:5   warning  'ctx' is not defined                         no-undef
  1090:9   warning  'p' is already defined                       no-redeclare
  1099:13  warning  'ctx' is not defined                         no-undef
  1101:13  warning  'ctx' is not defined                         no-undef
  1104:5   warning  'ctx' is not defined                         no-undef
  1108:27  warning  'y1' is already defined                      no-redeclare
  1113:5   warning  'tstop1' is assigned a value but never used  no-unused-vars
  1122:9   warning  'j' is already defined                       no-redeclare
  1122:12  warning  'x0' is already defined                      no-redeclare
  1122:16  warning  'y0' is already defined                      no-redeclare
  1122:20  warning  'xscale' is already defined                  no-redeclare
  1122:28  warning  'yscale' is already defined                  no-redeclare
  1129:5   warning  'ctx' is not defined                         no-undef
  1130:5   warning  'ctx' is not defined                         no-undef
  1131:5   warning  'ctx' is not defined                         no-undef
  1141:13  warning  'ctx' is not defined                         no-undef
  1143:13  warning  'ctx' is not defined                         no-undef
  1146:5   warning  'ctx' is not defined                         no-undef
  1154:5   warning  'canvas' is not defined                      no-undef
  1155:17  warning  'canvas' is not defined                      no-undef
  1155:28  warning  'canvas' is not defined                      no-undef
  1157:5   warning  'ctx' is not defined                         no-undef
  1157:11  warning  'canvas' is not defined                      no-undef
  1159:5   warning  'ctx' is not defined                         no-undef
  1160:5   warning  'ctx' is not defined                         no-undef
  1160:24  warning  'canvas' is not defined                      no-undef
  1160:38  warning  'canvas' is not defined                      no-undef
  1161:5   warning  'drawGrid' is not defined                    no-undef
  1161:14  warning  'ctx' is not defined                         no-undef
  1162:5   warning  'drawAxis' is not defined                    no-undef
  1168:58  warning  Unnecessary semicolon                        no-extra-semi
  1199:9   warning  'i' is already defined                       no-redeclare
  1206:5   warning  'ctx' is not defined                         no-undef
  1207:5   warning  'ctx' is not defined                         no-undef
  1208:5   warning  'ctx' is not defined                         no-undef
  1209:9   warning  'p' is already defined                       no-redeclare
  1218:13  warning  'ctx' is not defined                         no-undef
  1220:13  warning  'ctx' is not defined                         no-undef
  1223:5   warning  'ctx' is not defined                         no-undef
  1226:27  warning  'y1' is already defined                      no-redeclare
  1227:9   warning  'dt' is already defined                      no-redeclare
  1227:13  warning  'tstart' is already defined                  no-redeclare
  1227:21  warning  'tstop' is already defined                   no-redeclare
  1241:9   warning  'j' is already defined                       no-redeclare
  1241:12  warning  'x0' is already defined                      no-redeclare
  1241:16  warning  'y0' is already defined                      no-redeclare
  1241:20  warning  'xscale' is already defined                  no-redeclare
  1241:28  warning  'yscale' is already defined                  no-redeclare
  1248:5   warning  'ctx' is not defined                         no-undef
  1249:5   warning  'ctx' is not defined                         no-undef
  1250:5   warning  'ctx' is not defined                         no-undef
  1260:13  warning  'ctx' is not defined                         no-undef
  1262:13  warning  'ctx' is not defined                         no-undef
  1265:5   warning  'ctx' is not defined                         no-undef

/home/runner/work/exp-oscilloscope-iitkgp/exp-oscilloscope-iitkgp/experiment/simulation/js/oscilloscopewaveform.js
    1:5   warning  'flag_ch1' is assigned a value but never used  no-unused-vars
    2:5   warning  'flag_ch2' is assigned a value but never used  no-unused-vars
    4:10  warning  'drawsine1' is defined but never used          no-unused-vars
    6:5   warning  'canvas' is not defined                        no-undef
    7:17  warning  'canvas' is not defined                        no-undef
    7:28  warning  'canvas' is not defined                        no-undef
    9:5   warning  'ctx' is not defined                           no-undef
    9:11  warning  'canvas' is not defined                        no-undef
   11:5   warning  'ctx' is not defined                           no-undef
   12:5   warning  'ctx' is not defined                           no-undef
   12:24  warning  'canvas' is not defined                        no-undef
   12:38  warning  'canvas' is not defined                        no-undef
   16:5   warning  'drawGrid' is not defined                      no-undef
   16:14  warning  'ctx' is not defined                           no-undef
   17:5   warning  'drawAxis' is not defined                      no-undef
   28:10  warning  'drawsquarewv1' is defined but never used      no-unused-vars
   29:6   warning  'canvas' is not defined                        no-undef
   30:18  warning  'canvas' is not defined                        no-undef
   30:29  warning  'canvas' is not defined                        no-undef
   32:6   warning  'ctx' is not defined                           no-undef
   32:12  warning  'canvas' is not defined                        no-undef
   34:6   warning  'ctx' is not defined                           no-undef
   35:6   warning  'ctx' is not defined                           no-undef
   35:25  warning  'canvas' is not defined                        no-undef
   35:39  warning  'canvas' is not defined                        no-undef
   39:6   warning  'drawGrid' is not defined                      no-undef
   39:15  warning  'ctx' is not defined                           no-undef
   40:6   warning  'drawAxis' is not defined                      no-undef
   50:10  warning  'drawtraingwv1' is defined but never used      no-unused-vars
   52:5   warning  'canvas' is not defined                        no-undef
   53:17  warning  'canvas' is not defined                        no-undef
   53:28  warning  'canvas' is not defined                        no-undef
   55:5   warning  'ctx' is not defined                           no-undef
   55:11  warning  'canvas' is not defined                        no-undef
   57:5   warning  'ctx' is not defined                           no-undef
   58:5   warning  'ctx' is not defined                           no-undef
   58:24  warning  'canvas' is not defined                        no-undef
   58:38  warning  'canvas' is not defined                        no-undef
   60:5   warning  'drawGrid' is not defined                      no-undef
   60:14  warning  'ctx' is not defined                           no-undef
   61:5   warning  'drawAxis' is not defined                      no-undef
   72:10  warning  'drawsine2' is defined but never used          no-unused-vars
   74:5   warning  'canvas' is not defined                        no-undef
   75:17  warning  'canvas' is not defined                        no-undef
   75:28  warning  'canvas' is not defined                        no-undef
   77:5   warning  'ctx' is not defined                           no-undef
   77:11  warning  'canvas' is not defined                        no-undef
   79:5   warning  'ctx' is not defined                           no-undef
   80:5   warning  'ctx' is not defined                           no-undef
   80:24  warning  'canvas' is not defined                        no-undef
   80:38  warning  'canvas' is not defined                        no-undef
   84:5   warning  'drawGrid' is not defined                      no-undef
   84:14  warning  'ctx' is not defined                           no-undef
   85:5   warning  'drawAxis' is not defined                      no-undef
   96:10  warning  'drawsquarewv2' is defined but never used      no-unused-vars
   97:6   warning  'canvas' is not defined                        no-undef
   98:18  warning  'canvas' is not defined                        no-undef
   98:29  warning  'canvas' is not defined                        no-undef
  100:6   warning  'ctx' is not defined                           no-undef
  100:12  warning  'canvas' is not defined                        no-undef
  102:6   warning  'ctx' is not defined                           no-undef
  103:6   warning  'ctx' is not defined                           no-undef
  103:25  warning  'canvas' is not defined                        no-undef
  103:39  warning  'canvas' is not defined                        no-undef
  107:6   warning  'drawGrid' is not defined                      no-undef
  107:15  warning  'ctx' is not defined                           no-undef
  108:6   warning  'drawAxis' is not defined                      no-undef
  117:10  warning  'drawtraingwv2' is defined but never used      no-unused-vars
  119:5   warning  'canvas' is not defined                        no-undef
  120:17  warning  'canvas' is not defined                        no-undef
  120:28  warning  'canvas' is not defined                        no-undef
  122:5   warning  'ctx' is not defined                           no-undef
  122:11  warning  'canvas' is not defined                        no-undef
  124:5   warning  'ctx' is not defined                           no-undef
  125:5   warning  'ctx' is not defined                           no-undef
  125:24  warning  'canvas' is not defined                        no-undef
  125:38  warning  'canvas' is not defined                        no-undef
  127:5   warning  'drawGrid' is not defined                      no-undef
  127:14  warning  'ctx' is not defined                           no-undef
  128:5   warning  'drawAxis' is not defined                      no-undef
  139:10  warning  'bothwvsin' is defined but never used          no-unused-vars
  140:5   warning  'canvas' is not defined                        no-undef
  141:17  warning  'canvas' is not defined                        no-undef
  141:28  warning  'canvas' is not defined                        no-undef
  143:5   warning  'ctx' is not defined                           no-undef
  143:11  warning  'canvas' is not defined                        no-undef
  145:5   warning  'ctx' is not defined                           no-undef
  146:5   warning  'ctx' is not defined                           no-undef
  146:24  warning  'canvas' is not defined                        no-undef
  146:38  warning  'canvas' is not defined                        no-undef
  147:5   warning  'drawGrid' is not defined                      no-undef
  147:14  warning  'ctx' is not defined                           no-undef
  148:5   warning  'drawAxis' is not defined                      no-undef
  158:10  warning  'bothwvsq' is defined but never used           no-unused-vars
  159:5   warning  'canvas' is not defined                        no-undef
  160:17  warning  'canvas' is not defined                        no-undef
  160:28  warning  'canvas' is not defined                        no-undef
  162:5   warning  'ctx' is not defined                           no-undef
  162:11  warning  'canvas' is not defined                        no-undef
  164:5   warning  'ctx' is not defined                           no-undef
  165:5   warning  'ctx' is not defined                           no-undef
  165:24  warning  'canvas' is not defined                        no-undef
  165:38  warning  'canvas' is not defined                        no-undef
  166:5   warning  'drawGrid' is not defined                      no-undef
  166:14  warning  'ctx' is not defined                           no-undef
  167:5   warning  'drawAxis' is not defined                      no-undef
  178:10  warning  'bothwvtri' is defined but never used          no-unused-vars
  179:5   warning  'canvas' is not defined                        no-undef
  180:17  warning  'canvas' is not defined                        no-undef
  180:28  warning  'canvas' is not defined                        no-undef
  182:5   warning  'ctx' is not defined                           no-undef
  182:11  warning  'canvas' is not defined                        no-undef
  184:5   warning  'ctx' is not defined                           no-undef
  185:5   warning  'ctx' is not defined                           no-undef
  185:24  warning  'canvas' is not defined                        no-undef
  185:38  warning  'canvas' is not defined                        no-undef
  186:5   warning  'drawGrid' is not defined                      no-undef
  186:14  warning  'ctx' is not defined                           no-undef
  187:5   warning  'drawAxis' is not defined                      no-undef
  198:10  warning  'bothwvsinsq' is defined but never used        no-unused-vars
  199:5   warning  'canvas' is not defined                        no-undef
  200:17  warning  'canvas' is not defined                        no-undef
  200:28  warning  'canvas' is not defined                        no-undef
  202:5   warning  'ctx' is not defined                           no-undef
  202:11  warning  'canvas' is not defined                        no-undef
  204:5   warning  'ctx' is not defined                           no-undef
  205:5   warning  'ctx' is not defined                           no-undef
  205:24  warning  'canvas' is not defined                        no-undef
  205:38  warning  'canvas' is not defined                        no-undef
  206:5   warning  'drawGrid' is not defined                      no-undef
  206:14  warning  'ctx' is not defined                           no-undef
  207:5   warning  'drawAxis' is not defined                      no-undef
  218:10  warning  'bothwvsintri' is defined but never used       no-unused-vars
  219:5   warning  'canvas' is not defined                        no-undef
  220:17  warning  'canvas' is not defined                        no-undef
  220:28  warning  'canvas' is not defined                        no-undef
  222:5   warning  'ctx' is not defined                           no-undef
  222:11  warning  'canvas' is not defined                        no-undef
  224:5   warning  'ctx' is not defined                           no-undef
  225:5   warning  'ctx' is not defined                           no-undef
  225:24  warning  'canvas' is not defined                        no-undef
  225:38  warning  'canvas' is not defined                        no-undef
  226:5   warning  'drawGrid' is not defined                      no-undef
  226:14  warning  'ctx' is not defined                           no-undef
  227:5   warning  'drawAxis' is not defined                      no-undef

/home/runner/work/exp-oscilloscope-iitkgp/exp-oscilloscope-iitkgp/experiment/simulation/js/oscilloscopexymode.js
   20:5   warning  'vmaxs' is defined but never used            no-unused-vars
   23:10  warning  'posiy1chnge' is defined but never used      no-unused-vars
   27:9   warning  'drawsine1' is not defined                   no-undef
   30:9   warning  'drawsquarewv1' is not defined               no-undef
   33:9   warning  'drawtraingwv1' is not defined               no-undef
   36:9   warning  'drawsine2' is not defined                   no-undef
   39:9   warning  'drawsquarewv2' is not defined               no-undef
   42:9   warning  'drawtraingwv2' is not defined               no-undef
   44:9   warning  'currentMode' is not defined                 no-undef
   45:45  warning  'bothwvsin' is not defined                   no-undef
   46:45  warning  'bothwvsq' is not defined                    no-undef
   47:45  warning  'bothwvtri' is not defined                   no-undef
   50:9   warning  'currentMode' is not defined                 no-undef
   55:9   warning  'currentMode' is not defined                 no-undef
   57:13  warning  'grndwvsin' is not defined                   no-undef
   60:13  warning  'grndwvsq' is not defined                    no-undef
   63:13  warning  'grndwvtri' is not defined                   no-undef
  107:10  warning  'posiy2chnge' is defined but never used      no-unused-vars
  111:9   warning  'drawsine1' is not defined                   no-undef
  114:9   warning  'drawsquarewv1' is not defined               no-undef
  117:9   warning  'drawtraingwv1' is not defined               no-undef
  120:9   warning  'drawsine2' is not defined                   no-undef
  123:9   warning  'drawsquarewv2' is not defined               no-undef
  126:9   warning  'drawtraingwv2' is not defined               no-undef
  128:9   warning  'currentMode' is not defined                 no-undef
  129:45  warning  'bothwvsin' is not defined                   no-undef
  130:45  warning  'bothwvsq' is not defined                    no-undef
  131:45  warning  'bothwvtri' is not defined                   no-undef
  134:9   warning  'currentMode' is not defined                 no-undef
  139:9   warning  'currentMode' is not defined                 no-undef
  141:13  warning  'grndwvsin' is not defined                   no-undef
  144:13  warning  'grndwvsq' is not defined                    no-undef
  147:13  warning  'grndwvtri' is not defined                   no-undef
  184:10  warning  'posix2chnge' is defined but never used      no-unused-vars
  187:9   warning  'drawsine1' is not defined                   no-undef
  190:9   warning  'drawsquarewv1' is not defined               no-undef
  193:9   warning  'drawtraingwv1' is not defined               no-undef
  196:9   warning  'drawsine2' is not defined                   no-undef
  199:9   warning  'drawsquarewv2' is not defined               no-undef
  202:9   warning  'drawtraingwv2' is not defined               no-undef
  204:9   warning  'currentMode' is not defined                 no-undef
  205:45  warning  'bothwvsin' is not defined                   no-undef
  206:45  warning  'bothwvsq' is not defined                    no-undef
  207:45  warning  'bothwvtri' is not defined                   no-undef
  210:9   warning  'currentMode' is not defined                 no-undef
  215:9   warning  'currentMode' is not defined                 no-undef
  217:13  warning  'grndwvsin' is not defined                   no-undef
  220:13  warning  'grndwvsq' is not defined                    no-undef
  223:13  warning  'grndwvtri' is not defined                   no-undef
  258:10  warning  'ampfng1' is defined but never used          no-unused-vars
  262:9   warning  'drawsine1' is not defined                   no-undef
  265:9   warning  'drawsquarewv1' is not defined               no-undef
  268:9   warning  'drawtraingwv1' is not defined               no-undef
  270:9   warning  'currentMode' is not defined                 no-undef
  271:45  warning  'bothwvsin' is not defined                   no-undef
  272:45  warning  'bothwvsq' is not defined                    no-undef
  273:45  warning  'bothwvtri' is not defined                   no-undef
  276:9   warning  'currentMode' is not defined                 no-undef
  302:10  warning  'freqfng1' is defined but never used         no-unused-vars
  306:9   warning  'drawsine1' is not defined                   no-undef
  309:9   warning  'drawsquarewv1' is not defined               no-undef
  312:9   warning  'drawtraingwv1' is not defined               no-undef
  314:9   warning  'currentMode' is not defined                 no-undef
  315:45  warning  'bothwvsin' is not defined                   no-undef
  316:45  warning  'bothwvsq' is not defined                    no-undef
  317:45  warning  'bothwvtri' is not defined                   no-undef
  320:9   warning  'currentMode' is not defined                 no-undef
  345:10  warning  'ampfng2' is defined but never used          no-unused-vars
  348:9   warning  'drawsine2' is not defined                   no-undef
  351:9   warning  'drawsquarewv2' is not defined               no-undef
  354:9   warning  'drawtraingwv2' is not defined               no-undef
  356:9   warning  'currentMode' is not defined                 no-undef
  357:45  warning  'bothwvsin' is not defined                   no-undef
  358:45  warning  'bothwvsq' is not defined                    no-undef
  359:45  warning  'bothwvtri' is not defined                   no-undef
  362:9   warning  'currentMode' is not defined                 no-undef
  388:10  warning  'freqfng2' is defined but never used         no-unused-vars
  391:9   warning  'drawsine2' is not defined                   no-undef
  394:9   warning  'drawsquarewv2' is not defined               no-undef
  397:9   warning  'drawtraingwv2' is not defined               no-undef
  399:9   warning  'currentMode' is not defined                 no-undef
  400:45  warning  'bothwvsin' is not defined                   no-undef
  401:45  warning  'bothwvsq' is not defined                    no-undef
  402:45  warning  'bothwvtri' is not defined                   no-undef
  405:9   warning  'currentMode' is not defined                 no-undef
  434:5   warning  'canvas' is not defined                      no-undef
  435:17  warning  'canvas' is not defined                      no-undef
  435:28  warning  'canvas' is not defined                      no-undef
  437:5   warning  'ctx' is not defined                         no-undef
  437:11  warning  'canvas' is not defined                      no-undef
  439:5   warning  'ctx' is not defined                         no-undef
  440:5   warning  'ctx' is not defined                         no-undef
  440:24  warning  'canvas' is not defined                      no-undef
  440:38  warning  'canvas' is not defined                      no-undef
  441:5   warning  'drawGrid' is not defined                    no-undef
  441:14  warning  'ctx' is not defined                         no-undef
  442:5   warning  'drawAxis' is not defined                    no-undef
  449:58  warning  Unnecessary semicolon                        no-extra-semi
  473:9   warning  'i' is already defined                       no-redeclare
  473:38  warning  'xp' is defined but never used               no-unused-vars
  480:5   warning  'ctx' is not defined                         no-undef
  481:5   warning  'ctx' is not defined                         no-undef
  482:5   warning  'ctx' is not defined                         no-undef
  506:5   warning  'tstop1' is assigned a value but never used  no-unused-vars
  515:9   warning  'j' is already defined                       no-redeclare
  515:12  warning  'x0' is already defined                      no-redeclare
  515:16  warning  'y0' is already defined                      no-redeclare
  515:20  warning  'xscale' is already defined                  no-redeclare
  515:36  warning  'xp1' is defined but never used              no-unused-vars
  519:5   warning  'xscale' is assigned a value but never used  no-unused-vars
  522:5   warning  'ctx' is not defined                         no-undef
  523:5   warning  'ctx' is not defined                         no-undef
  524:5   warning  'ctx' is not defined                         no-undef
  534:13  warning  'ctx' is not defined                         no-undef
  536:13  warning  'ctx' is not defined                         no-undef
  539:5   warning  'ctx' is not defined                         no-undef
  547:5   warning  'canvas' is not defined                      no-undef
  548:17  warning  'canvas' is not defined                      no-undef
  548:28  warning  'canvas' is not defined                      no-undef
  550:5   warning  'ctx' is not defined                         no-undef
  550:11  warning  'canvas' is not defined                      no-undef
  552:5   warning  'ctx' is not defined                         no-undef
  553:5   warning  'ctx' is not defined                         no-undef
  553:24  warning  'canvas' is not defined                      no-undef
  553:38  warning  'canvas' is not defined                      no-undef
  554:5   warning  'drawGrid' is not defined                    no-undef
  554:14  warning  'ctx' is not defined                         no-undef
  555:5   warning  'drawAxis' is not defined                    no-undef
  562:58  warning  Unnecessary semicolon                        no-extra-semi
  587:9   warning  'i' is already defined                       no-redeclare
  587:38  warning  'xp' is defined but never used               no-unused-vars
  594:5   warning  'ctx' is not defined                         no-undef
  595:5   warning  'ctx' is not defined                         no-undef
  596:5   warning  'ctx' is not defined                         no-undef
  616:9   warning  'dt' is already defined                      no-redeclare
  616:13  warning  'tstart' is already defined                  no-redeclare
  616:21  warning  'tstop' is already defined                   no-redeclare
  630:9   warning  'j' is already defined                       no-redeclare
  630:12  warning  'x0' is already defined                      no-redeclare
  630:16  warning  'y0' is already defined                      no-redeclare
  630:20  warning  'xscale' is already defined                  no-redeclare
  630:36  warning  'xp1' is defined but never used              no-unused-vars
  632:5   warning  'x0' is assigned a value but never used      no-unused-vars
  634:5   warning  'xscale' is assigned a value but never used  no-unused-vars
  637:5   warning  'ctx' is not defined                         no-undef
  638:5   warning  'ctx' is not defined                         no-undef
  639:5   warning  'ctx' is not defined                         no-undef
  649:13  warning  'ctx' is not defined                         no-undef
  651:13  warning  'ctx' is not defined                         no-undef
  654:5   warning  'ctx' is not defined                         no-undef
  660:5   warning  'canvas' is not defined                      no-undef
  661:17  warning  'canvas' is not defined                      no-undef
  661:28  warning  'canvas' is not defined                      no-undef
  663:5   warning  'ctx' is not defined                         no-undef
  663:11  warning  'canvas' is not defined                      no-undef
  665:5   warning  'ctx' is not defined                         no-undef
  666:5   warning  'ctx' is not defined                         no-undef
  666:24  warning  'canvas' is not defined                      no-undef
  666:38  warning  'canvas' is not defined                      no-undef
  667:5   warning  'drawGrid' is not defined                    no-undef
  667:14  warning  'ctx' is not defined                         no-undef
  668:5   warning  'drawAxis' is not defined                    no-undef
  675:58  warning  Unnecessary semicolon                        no-extra-semi
  705:9   warning  'i' is already defined                       no-redeclare
  705:38  warning  'xp' is defined but never used               no-unused-vars
  712:5   warning  'ctx' is not defined                         no-undef
  713:5   warning  'ctx' is not defined                         no-undef
  714:5   warning  'ctx' is not defined                         no-undef
  715:9   warning  'p' is already defined                       no-redeclare
  734:9   warning  'dt' is already defined                      no-redeclare
  734:13  warning  'tstart' is already defined                  no-redeclare
  734:21  warning  'tstop' is already defined                   no-redeclare
  744:13  warning  'p' is already defined                       no-redeclare
  745:13  warning  'z' is already defined                       no-redeclare
  750:9   warning  'j' is already defined                       no-redeclare
  750:12  warning  'x0' is already defined                      no-redeclare
  750:16  warning  'y0' is already defined                      no-redeclare
  750:20  warning  'xscale' is already defined                  no-redeclare
  750:36  warning  'xp1' is defined but never used              no-unused-vars
  752:5   warning  'x0' is assigned a value but never used      no-unused-vars
  754:5   warning  'xscale' is assigned a value but never used  no-unused-vars
  757:5   warning  'ctx' is not defined                         no-undef
  758:5   warning  'ctx' is not defined                         no-undef
  759:5   warning  'ctx' is not defined                         no-undef
  769:13  warning  'ctx' is not defined                         no-undef
  771:13  warning  'ctx' is not defined                         no-undef
  774:5   warning  'ctx' is not defined                         no-undef

/home/runner/work/exp-oscilloscope-iitkgp/exp-oscilloscope-iitkgp/experiment/simulation/js/oscilloscopexymodepossibilities.js
    12:5   warning  'vmaxs' is defined but never used            no-unused-vars
    15:10  warning  'posiy1chnge' is defined but never used      no-unused-vars
    19:9   warning  'drawsine1' is not defined                   no-undef
    22:9   warning  'drawsquarewv1' is not defined               no-undef
    25:9   warning  'drawtraingwv1' is not defined               no-undef
    31:9   warning  'currentMode' is not defined                 no-undef
    33:13  warning  'grndwvsinsq' is not defined                 no-undef
    36:13  warning  'grndwvsinetri' is not defined               no-undef
    39:13  warning  'grndwvsqsine' is not defined                no-undef
    43:13  warning  'grndwvsqtri' is not defined                 no-undef
    47:13  warning  'grndwvtrisine' is not defined               no-undef
    51:13  warning  'grndwvtrisq' is not defined                 no-undef
    55:13  warning  'grndwvsin' is not defined                   no-undef
    58:13  warning  'grndwvsq' is not defined                    no-undef
    61:13  warning  'grndwvtri' is not defined                   no-undef
    67:9   warning  'currentMode' is not defined                 no-undef
    68:45  warning  'bothwvsin' is not defined                   no-undef
    69:45  warning  'bothwvsq' is not defined                    no-undef
    70:45  warning  'bothwvtri' is not defined                   no-undef
    72:13  warning  'drawsinesquare' is not defined              no-undef
    75:13  warning  'drawsinetri' is not defined                 no-undef
    78:13  warning  'drawsquaresine' is not defined              no-undef
    81:13  warning  'drawsquaretri' is not defined               no-undef
    84:13  warning  'drawtrisine' is not defined                 no-undef
    87:13  warning  'drawtrisquare' is not defined               no-undef
    91:9   warning  'currentMode' is not defined                 no-undef
    92:47  warning  'xywvsin' is not defined                     no-undef
    93:47  warning  'xywvsq' is not defined                      no-undef
    94:47  warning  'xywvtri' is not defined                     no-undef
   117:10  warning  'posiy2chnge' is defined but never used      no-unused-vars
   120:9   warning  'drawsine2' is not defined                   no-undef
   123:9   warning  'drawsquarewv2' is not defined               no-undef
   126:9   warning  'drawtraingwv2' is not defined               no-undef
   132:9   warning  'currentMode' is not defined                 no-undef
   134:13  warning  'grndwvsinsq' is not defined                 no-undef
   137:13  warning  'grndwvsinetri' is not defined               no-undef
   140:13  warning  'grndwvsqsine' is not defined                no-undef
   144:13  warning  'grndwvsqtri' is not defined                 no-undef
   148:13  warning  'grndwvtrisine' is not defined               no-undef
   152:13  warning  'grndwvtrisq' is not defined                 no-undef
   157:13  warning  'grndwvsin' is not defined                   no-undef
   160:13  warning  'grndwvsq' is not defined                    no-undef
   163:13  warning  'grndwvtri' is not defined                   no-undef
   170:9   warning  'currentMode' is not defined                 no-undef
   171:45  warning  'bothwvsin' is not defined                   no-undef
   172:45  warning  'bothwvsq' is not defined                    no-undef
   173:45  warning  'bothwvtri' is not defined                   no-undef
   175:13  warning  'drawsinesquare' is not defined              no-undef
   178:13  warning  'drawsinetri' is not defined                 no-undef
   181:13  warning  'drawsquaresine' is not defined              no-undef
   184:13  warning  'drawsquaretri' is not defined               no-undef
   187:13  warning  'drawtrisine' is not defined                 no-undef
   190:13  warning  'drawtrisquare' is not defined               no-undef
   194:9   warning  'currentMode' is not defined                 no-undef
   195:47  warning  'xywvsin' is not defined                     no-undef
   196:47  warning  'xywvsq' is not defined                      no-undef
   197:47  warning  'xywvtri' is not defined                     no-undef
   219:10  warning  'posix2chnge' is defined but never used      no-unused-vars
   222:9   warning  'drawsine1' is not defined                   no-undef
   225:9   warning  'drawsquarewv1' is not defined               no-undef
   228:9   warning  'drawtraingwv1' is not defined               no-undef
   231:9   warning  'drawsine2' is not defined                   no-undef
   234:9   warning  'drawsquarewv2' is not defined               no-undef
   237:9   warning  'drawtraingwv2' is not defined               no-undef
   242:9   warning  'currentMode' is not defined                 no-undef
   244:13  warning  'grndwvsinsq' is not defined                 no-undef
   247:13  warning  'grndwvsinetri' is not defined               no-undef
   250:13  warning  'grndwvsqsine' is not defined                no-undef
   254:13  warning  'grndwvsqtri' is not defined                 no-undef
   258:13  warning  'grndwvtrisine' is not defined               no-undef
   262:13  warning  'grndwvtrisq' is not defined                 no-undef
   266:13  warning  'grndwvsin' is not defined                   no-undef
   269:13  warning  'grndwvsq' is not defined                    no-undef
   272:13  warning  'grndwvtri' is not defined                   no-undef
   279:9   warning  'currentMode' is not defined                 no-undef
   280:45  warning  'bothwvsin' is not defined                   no-undef
   281:45  warning  'bothwvsq' is not defined                    no-undef
   282:45  warning  'bothwvtri' is not defined                   no-undef
   284:13  warning  'drawsinesquare' is not defined              no-undef
   287:13  warning  'drawsinetri' is not defined                 no-undef
   290:13  warning  'drawsquaresine' is not defined              no-undef
   293:13  warning  'drawsquaretri' is not defined               no-undef
   296:13  warning  'drawtrisine' is not defined                 no-undef
   299:13  warning  'drawtrisquare' is not defined               no-undef
   303:9   warning  'currentMode' is not defined                 no-undef
   304:47  warning  'xywvsin' is not defined                     no-undef
   305:47  warning  'xywvsq' is not defined                      no-undef
   306:47  warning  'xywvtri' is not defined                     no-undef
   328:10  warning  'ampfng1' is defined but never used          no-unused-vars
   331:9   warning  'drawsine1' is not defined                   no-undef
   334:9   warning  'drawsquarewv1' is not defined               no-undef
   337:9   warning  'drawtraingwv1' is not defined               no-undef
   343:9   warning  'currentMode' is not defined                 no-undef
   345:13  warning  'grndwvsinsq' is not defined                 no-undef
   348:13  warning  'grndwvsinetri' is not defined               no-undef
   351:13  warning  'grndwvsqsine' is not defined                no-undef
   355:13  warning  'grndwvsqtri' is not defined                 no-undef
   359:13  warning  'grndwvtrisine' is not defined               no-undef
   363:13  warning  'grndwvtrisq' is not defined                 no-undef
   368:9   warning  'currentMode' is not defined                 no-undef
   369:45  warning  'bothwvsin' is not defined                   no-undef
   370:45  warning  'bothwvsq' is not defined                    no-undef
   371:45  warning  'bothwvtri' is not defined                   no-undef
   373:13  warning  'drawsinesquare' is not defined              no-undef
   376:13  warning  'drawsinetri' is not defined                 no-undef
   379:13  warning  'drawsquaresine' is not defined              no-undef
   382:13  warning  'drawsquaretri' is not defined               no-undef
   385:13  warning  'drawtrisine' is not defined                 no-undef
   388:13  warning  'drawtrisquare' is not defined               no-undef
   392:9   warning  'currentMode' is not defined                 no-undef
   393:47  warning  'xywvsin' is not defined                     no-undef
   394:47  warning  'xywvsq' is not defined                      no-undef
   395:47  warning  'xywvtri' is not defined                     no-undef
   417:10  warning  'freqfng1' is defined but never used         no-unused-vars
   420:9   warning  'drawsine1' is not defined                   no-undef
   423:9   warning  'drawsquarewv1' is not defined               no-undef
   426:9   warning  'drawtraingwv1' is not defined               no-undef
   432:9   warning  'currentMode' is not defined                 no-undef
   434:13  warning  'grndwvsinsq' is not defined                 no-undef
   437:13  warning  'grndwvsinetri' is not defined               no-undef
   440:13  warning  'grndwvsqsine' is not defined                no-undef
   444:13  warning  'grndwvsqtri' is not defined                 no-undef
   448:13  warning  'grndwvtrisine' is not defined               no-undef
   452:13  warning  'grndwvtrisq' is not defined                 no-undef
   457:9   warning  'currentMode' is not defined                 no-undef
   458:45  warning  'bothwvsin' is not defined                   no-undef
   459:45  warning  'bothwvsq' is not defined                    no-undef
   460:45  warning  'bothwvtri' is not defined                   no-undef
   462:13  warning  'drawsinesquare' is not defined              no-undef
   465:13  warning  'drawsinetri' is not defined                 no-undef
   468:13  warning  'drawsquaresine' is not defined              no-undef
   471:13  warning  'drawsquaretri' is not defined               no-undef
   474:13  warning  'drawtrisine' is not defined                 no-undef
   477:13  warning  'drawtrisquare' is not defined               no-undef
   481:9   warning  'currentMode' is not defined                 no-undef
   482:47  warning  'xywvsin' is not defined                     no-undef
   483:47  warning  'xywvsq' is not defined                      no-undef
   484:47  warning  'xywvtri' is not defined                     no-undef
   506:10  warning  'ampfng2' is defined but never used          no-unused-vars
   509:9   warning  'drawsine2' is not defined                   no-undef
   512:9   warning  'drawsquarewv2' is not defined               no-undef
   515:9   warning  'drawtraingwv2' is not defined               no-undef
   521:9   warning  'currentMode' is not defined                 no-undef
   523:13  warning  'grndwvsinsq' is not defined                 no-undef
   526:13  warning  'grndwvsinetri' is not defined               no-undef
   529:13  warning  'grndwvsqsine' is not defined                no-undef
   533:13  warning  'grndwvsqtri' is not defined                 no-undef
   537:13  warning  'grndwvtrisine' is not defined               no-undef
   541:13  warning  'grndwvtrisq' is not defined                 no-undef
   546:9   warning  'currentMode' is not defined                 no-undef
   547:45  warning  'bothwvsin' is not defined                   no-undef
   548:45  warning  'bothwvsq' is not defined                    no-undef
   549:45  warning  'bothwvtri' is not defined                   no-undef
   551:13  warning  'drawsinesquare' is not defined              no-undef
   554:13  warning  'drawsinetri' is not defined                 no-undef
   557:13  warning  'drawsquaresine' is not defined              no-undef
   560:13  warning  'drawsquaretri' is not defined               no-undef
   563:13  warning  'drawtrisine' is not defined                 no-undef
   566:13  warning  'drawtrisquare' is not defined               no-undef
   570:9   warning  'currentMode' is not defined                 no-undef
   571:47  warning  'xywvsin' is not defined                     no-undef
   572:47  warning  'xywvsq' is not defined                      no-undef
   573:47  warning  'xywvtri' is not defined                     no-undef
   595:10  warning  'freqfng2' is defined but never used         no-unused-vars
   598:9   warning  'drawsine2' is not defined                   no-undef
   601:9   warning  'drawsquarewv2' is not defined               no-undef
   604:9   warning  'drawtraingwv2' is not defined               no-undef
   609:9   warning  'currentMode' is not defined                 no-undef
   611:13  warning  'grndwvsinsq' is not defined                 no-undef
   614:13  warning  'grndwvsinetri' is not defined               no-undef
   617:13  warning  'grndwvsqsine' is not defined                no-undef
   621:13  warning  'grndwvsqtri' is not defined                 no-undef
   625:13  warning  'grndwvtrisine' is not defined               no-undef
   629:13  warning  'grndwvtrisq' is not defined                 no-undef
   634:9   warning  'currentMode' is not defined                 no-undef
   635:45  warning  'bothwvsin' is not defined                   no-undef
   636:45  warning  'bothwvsq' is not defined                    no-undef
   637:45  warning  'bothwvtri' is not defined                   no-undef
   639:13  warning  'drawsinesquare' is not defined              no-undef
   642:13  warning  'drawsinetri' is not defined                 no-undef
   645:13  warning  'drawsquaresine' is not defined              no-undef
   648:13  warning  'drawsquaretri' is not defined               no-undef
   651:13  warning  'drawtrisine' is not defined                 no-undef
   654:13  warning  'drawtrisquare' is not defined               no-undef
   658:9   warning  'currentMode' is not defined                 no-undef
   659:47  warning  'xywvsin' is not defined                     no-undef
   660:47  warning  'xywvsq' is not defined                      no-undef
   661:47  warning  'xywvtri' is not defined                     no-undef
   684:5   warning  'canvas' is not defined                      no-undef
   685:17  warning  'canvas' is not defined                      no-undef
   685:28  warning  'canvas' is not defined                      no-undef
   687:5   warning  'ctx' is not defined                         no-undef
   687:11  warning  'canvas' is not defined                      no-undef
   689:5   warning  'ctx' is not defined                         no-undef
   690:5   warning  'ctx' is not defined                         no-undef
   690:24  warning  'canvas' is not defined                      no-undef
   690:38  warning  'canvas' is not defined                      no-undef
   691:5   warning  'drawGrid' is not defined                    no-undef
   691:14  warning  'ctx' is not defined                         no-undef
   692:5   warning  'drawAxis' is not defined                    no-undef
   702:58  warning  Unnecessary semicolon                        no-extra-semi
   724:9   warning  'i' is already defined                       no-redeclare
   724:38  warning  'xp' is defined but never used               no-unused-vars
   731:5   warning  'ctx' is not defined                         no-undef
   732:5   warning  'ctx' is not defined                         no-undef
   733:5   warning  'ctx' is not defined                         no-undef
   753:9   warning  'j' is already defined                       no-redeclare
   753:12  warning  'x0' is already defined                      no-redeclare
   753:16  warning  'y0' is already defined                      no-redeclare
   753:20  warning  'xscale' is already defined                  no-redeclare
   753:36  warning  'xp1' is defined but never used              no-unused-vars
   757:5   warning  'xscale' is assigned a value but never used  no-unused-vars
   760:5   warning  'ctx' is not defined                         no-undef
   761:5   warning  'ctx' is not defined                         no-undef
   762:5   warning  'ctx' is not defined                         no-undef
   772:13  warning  'ctx' is not defined                         no-undef
   774:13  warning  'ctx' is not defined                         no-undef
   777:5   warning  'ctx' is not defined                         no-undef
   783:5   warning  'canvas' is not defined                      no-undef
   784:17  warning  'canvas' is not defined                      no-undef
   784:28  warning  'canvas' is not defined                      no-undef
   786:5   warning  'ctx' is not defined                         no-undef
   786:11  warning  'canvas' is not defined                      no-undef
   788:5   warning  'ctx' is not defined                         no-undef
   789:5   warning  'ctx' is not defined                         no-undef
   789:24  warning  'canvas' is not defined                      no-undef
   789:38  warning  'canvas' is not defined                      no-undef
   790:5   warning  'drawGrid' is not defined                    no-undef
   790:14  warning  'ctx' is not defined                         no-undef
   791:5   warning  'drawAxis' is not defined                    no-undef
   797:58  warning  Unnecessary semicolon                        no-extra-semi
   822:9   warning  'i' is already defined                       no-redeclare
   822:38  warning  'xp' is defined but never used               no-unused-vars
   829:5   warning  'ctx' is not defined                         no-undef
   830:5   warning  'ctx' is not defined                         no-undef
   831:5   warning  'ctx' is not defined                         no-undef
   837:9   warning  'dt' is already defined                      no-redeclare
   837:13  warning  'tstart' is already defined                  no-redeclare
   837:21  warning  'tstop' is already defined                   no-redeclare
   847:13  warning  'p' is already defined                       no-redeclare
   853:9   warning  'j' is already defined                       no-redeclare
   853:12  warning  'x0' is already defined                      no-redeclare
   853:16  warning  'y0' is already defined                      no-redeclare
   853:20  warning  'xscale' is already defined                  no-redeclare
   853:36  warning  'xp1' is defined but never used              no-unused-vars
   855:5   warning  'x0' is assigned a value but never used      no-unused-vars
   857:5   warning  'xscale' is assigned a value but never used  no-unused-vars
   860:5   warning  'ctx' is not defined                         no-undef
   861:5   warning  'ctx' is not defined                         no-undef
   862:5   warning  'ctx' is not defined                         no-undef
   872:13  warning  'ctx' is not defined                         no-undef
   874:13  warning  'ctx' is not defined                         no-undef
   877:5   warning  'ctx' is not defined                         no-undef
   884:5   warning  'canvas' is not defined                      no-undef
   885:17  warning  'canvas' is not defined                      no-undef
   885:28  warning  'canvas' is not defined                      no-undef
   887:5   warning  'ctx' is not defined                         no-undef
   887:11  warning  'canvas' is not defined                      no-undef
   889:5   warning  'ctx' is not defined                         no-undef
   890:5   warning  'ctx' is not defined                         no-undef
   890:24  warning  'canvas' is not defined                      no-undef
   890:38  warning  'canvas' is not defined                      no-undef
   891:5   warning  'drawGrid' is not defined                    no-undef
   891:14  warning  'ctx' is not defined                         no-undef
   892:5   warning  'drawAxis' is not defined                    no-undef
   936:1   warning  'ctx' is not defined                         no-undef
   937:1   warning  'ctx' is not defined                         no-undef
   938:1   warning  'ctx' is not defined                         no-undef
   945:18  warning  'ctx' is not defined                         no-undef
   946:10  warning  'ctx' is not defined                         no-undef
   949:1   warning  'ctx' is not defined                         no-undef
   956:5   warning  'canvas' is not defined                      no-undef
   957:17  warning  'canvas' is not defined                      no-undef
   957:28  warning  'canvas' is not defined                      no-undef
   959:5   warning  'ctx' is not defined                         no-undef
   959:11  warning  'canvas' is not defined                      no-undef
   961:5   warning  'ctx' is not defined                         no-undef
   962:5   warning  'ctx' is not defined                         no-undef
   962:24  warning  'canvas' is not defined                      no-undef
   962:38  warning  'canvas' is not defined                      no-undef
   963:5   warning  'drawGrid' is not defined                    no-undef
   963:14  warning  'ctx' is not defined                         no-undef
   964:5   warning  'drawAxis' is not defined                    no-undef
   970:58  warning  Unnecessary semicolon                        no-extra-semi
   997:9   warning  'i' is already defined                       no-redeclare
   997:38  warning  'xp' is defined but never used               no-unused-vars
  1004:5   warning  'ctx' is not defined                         no-undef
  1005:5   warning  'ctx' is not defined                         no-undef
  1006:5   warning  'ctx' is not defined                         no-undef
  1013:9   warning  'dt' is already defined                      no-redeclare
  1013:13  warning  'tstart' is already defined                  no-redeclare
  1013:21  warning  'tstop' is already defined                   no-redeclare
  1023:13  warning  'p' is already defined                       no-redeclare
  1029:9   warning  'j' is already defined                       no-redeclare
  1029:12  warning  'x0' is already defined                      no-redeclare
  1029:16  warning  'y0' is already defined                      no-redeclare
  1029:20  warning  'xscale' is already defined                  no-redeclare
  1029:36  warning  'xp1' is defined but never used              no-unused-vars
  1031:5   warning  'x0' is assigned a value but never used      no-unused-vars
  1033:5   warning  'xscale' is assigned a value but never used  no-unused-vars
  1036:5   warning  'ctx' is not defined                         no-undef
  1037:5   warning  'ctx' is not defined                         no-undef
  1038:5   warning  'ctx' is not defined                         no-undef
  1048:13  warning  'ctx' is not defined                         no-undef
  1050:13  warning  'ctx' is not defined                         no-undef
  1053:5   warning  'ctx' is not defined                         no-undef
  1058:5   warning  'canvas' is not defined                      no-undef
  1059:17  warning  'canvas' is not defined                      no-undef
  1059:28  warning  'canvas' is not defined                      no-undef
  1061:5   warning  'ctx' is not defined                         no-undef
  1061:11  warning  'canvas' is not defined                      no-undef
  1063:5   warning  'ctx' is not defined                         no-undef
  1064:5   warning  'ctx' is not defined                         no-undef
  1064:24  warning  'canvas' is not defined                      no-undef
  1064:38  warning  'canvas' is not defined                      no-undef
  1065:5   warning  'drawGrid' is not defined                    no-undef
  1065:14  warning  'ctx' is not defined                         no-undef
  1066:5   warning  'drawAxis' is not defined                    no-undef
  1089:11  warning  'x' is assigned a value but never used       no-unused-vars
  1102:5   warning  'ctx' is not defined                         no-undef
  1103:5   warning  'ctx' is not defined                         no-undef
  1104:5   warning  'ctx' is not defined                         no-undef
  1110:22  warning  'ctx' is not defined                         no-undef
  1111:14  warning  'ctx' is not defined                         no-undef
  1114:5   warning  'ctx' is not defined                         no-undef
  1123:5   warning  'canvas' is not defined                      no-undef
  1124:17  warning  'canvas' is not defined                      no-undef
  1124:28  warning  'canvas' is not defined                      no-undef
  1126:5   warning  'ctx' is not defined                         no-undef
  1126:11  warning  'canvas' is not defined                      no-undef
  1128:5   warning  'ctx' is not defined                         no-undef
  1129:5   warning  'ctx' is not defined                         no-undef
  1129:24  warning  'canvas' is not defined                      no-undef
  1129:38  warning  'canvas' is not defined                      no-undef
  1130:5   warning  'drawGrid' is not defined                    no-undef
  1130:14  warning  'ctx' is not defined                         no-undef
  1131:5   warning  'drawAxis' is not defined                    no-undef
  1181:1   warning  'ctx' is not defined                         no-undef
  1182:1   warning  'ctx' is not defined                         no-undef
  1183:1   warning  'ctx' is not defined                         no-undef
  1189:18  warning  'ctx' is not defined                         no-undef
  1190:10  warning  'ctx' is not defined                         no-undef
  1193:1   warning  'ctx' is not defined                         no-undef

/home/runner/work/exp-oscilloscope-iitkgp/exp-oscilloscope-iitkgp/experiment/simulation/js/virtualc.js
  35:10  warning  'v' is defined but never used         no-unused-vars
  41:10  warning  'Root' is defined but never used      no-unused-vars
  53:10  warning  'Power' is defined but never used     no-unused-vars
  65:10  warning  'TrigFunc' is defined but never used  no-unused-vars
  79:10  warning  'eqls' is defined but never used      no-unused-vars
  91:10  warning  'calcul' is defined but never used    no-unused-vars
  97:10  warning  'ok' is defined but never used        no-unused-vars

✖ 3350 problems (1 error, 3349 warnings)
  0 errors and 33 warnings potentially fixable with the `--fix` option.

